video_id,created_utc,views,likes,comments,shares,interactions,engagement_rate,engagement_rate_pct,like_rate_pct,comment_rate_pct,share_rate_pct,duration,duration_bucket,hashtag_count,mentions_count,caption_length,author_followers,sound_type,verified_label,posting_hour,posting_weekday,daypart,age_days_rel
6907228749016714497,2020-12-17 14:15:17,44800,3710,68,50,3828,0.08544642857142858,8.544642857142858,8.28125,0.15178571428571427,0.11160714285714286,15,15-30s,0,0,17,,other sound,not verified,14,Thursday,afternoon (12-17),3.5439699074074076
6875468410612993286,2020-09-23 00:09:23,838100,55700,936,1817,58453,0.06974466054170146,6.974466054170146,6.645984965994511,0.11168118362963847,0.2167999045459969,11,<15s,0,1,112,,original sound,not verified,0,Wednesday,night (0-5),89.13140046296296
6898699405898059010,2020-11-24 14:37:05,15300000,936200,27100,21100,984400,0.06433986928104575,6.433986928104575,6.118954248366013,0.17712418300653596,0.13790849673202615,19,15-30s,6,0,57,,other sound,not verified,14,Tuesday,afternoon (12-17),26.528831018518517
6902819837345533186,2020-12-05 17:06:27,94900,12900,143,197,13240,0.13951527924130663,13.951527924130664,13.593256059009484,0.1506849315068493,0.20758693361433087,13,<15s,0,0,0,,original sound,not verified,17,Saturday,afternoon (12-17),15.425104166666667
6905635666588192002,2020-12-13 07:13:20,115300,8805,52,198,9055,0.07853425845620121,7.853425845620121,7.636600173460538,0.045099739809193407,0.1717259323503903,22,15-30s,2,0,24,,original sound,not verified,7,Sunday,morning (6-11),7.836990740740741
6895497835681287426,2020-11-15 23:33:24,2800000,343000,2732,2846,348578,0.12449214285714286,12.449214285714286,12.25,0.09757142857142857,0.10164285714285715,29,15-30s,3,0,105,,other sound,not verified,23,Sunday,evening (18-23),35.15638888888889
6895303013867539713,2020-11-15 10:57:20,62200,227,4,0,231,0.0037138263665594854,0.37138263665594856,0.364951768488746,0.006430868167202572,0.0,11,<15s,0,0,5,,original sound,not verified,10,Sunday,morning (6-11),35.68143518518519
6884590643327290625,2020-10-17 14:07:52,81200,4326,354,201,4881,0.060110837438423645,6.011083743842365,5.327586206896552,0.43596059113300495,0.24753694581280788,9,<15s,1,0,13,,original sound,not verified,14,Saturday,afternoon (12-17),64.54912037037037
6906514963569888513,2020-12-15 16:05:26,8071,734,54,1,789,0.09775740304794944,9.775740304794944,9.094288192293396,0.6690620740924297,0.012390038409119068,15,15-30s,12,0,147,,other sound,not verified,16,Tuesday,afternoon (12-17),5.467476851851852
6894206452450217217,2020-11-12 12:02:12,95800,3874,94,716,4684,0.048893528183716076,4.8893528183716075,4.04384133611691,0.09812108559498957,0.7473903966597077,15,15-30s,3,0,21,,original sound,not verified,12,Thursday,afternoon (12-17),38.63638888888889
6902751117805899009,2020-12-05 12:39:47,39300,2080,19,17,2116,0.05384223918575064,5.3842239185750635,5.292620865139949,0.04834605597964377,0.043256997455470736,9,<15s,4,0,61,,other sound,not verified,12,Saturday,afternoon (12-17),15.610289351851852
6886417103046380801,2020-10-22 12:15:29,65900,3275,159,338,3772,0.05723823975720789,5.723823975720789,4.969650986342944,0.24127465857359637,0.5128983308042488,8,<15s,3,0,45,,original sound,not verified,12,Thursday,afternoon (12-17),59.62716435185185
6883211681988627714,2020-10-13 20:56:51,45700,6268,68,26,6362,0.13921225382932167,13.921225382932167,13.715536105032823,0.1487964989059081,0.05689277899343545,10,<15s,3,1,141,,other sound,not verified,20,Tuesday,evening (18-23),68.26510416666666
6892769736589888770,2020-11-08 15:06:56,1200000,57300,336,208,57844,0.048203333333333334,4.820333333333333,4.775,0.028,0.017333333333333333,13,<15s,8,0,113,,original sound,not verified,15,Sunday,afternoon (12-17),42.508101851851855
6906571896683285761,2020-12-15 19:46:23,61500,6629,1166,92,7887,0.1282439024390244,12.824390243902439,10.778861788617887,1.8959349593495936,0.14959349593495935,15,15-30s,4,0,60,,original sound,not verified,19,Tuesday,evening (18-23),5.314039351851852
6907334602017344774,2020-12-17 21:06:20,174400,14500,267,470,15237,0.08736811926605505,8.736811926605505,8.314220183486238,0.15309633027522937,0.2694954128440367,13,<15s,7,0,65,,original sound,not verified,21,Thursday,evening (18-23),3.2585185185185184
6883094233935252737,2020-10-13 13:21:02,346500,23900,181,505,24586,0.07095526695526695,7.095526695526695,6.897546897546897,0.052236652236652234,0.14574314574314573,8,<15s,8,0,103,,original sound,not verified,13,Tuesday,afternoon (12-17),68.58164351851852
6906818204966915330,2020-12-16 11:42:10,71400,2501,44,16,2561,0.035868347338935576,3.5868347338935576,3.5028011204481793,0.06162464985994398,0.022408963585434174,11,<15s,7,0,89,,original sound,not verified,11,Wednesday,morning (6-11),4.650300925925926
6876318382703070465,2020-09-25 07:07:18,74700,6126,188,10,6324,0.08465863453815262,8.465863453815262,8.200803212851406,0.25167336010709507,0.013386880856760375,15,15-30s,0,0,91,,original sound,not verified,7,Friday,morning (6-11),86.84118055555555
6900948690186407170,2020-11-30 16:05:27,90700,10700,209,104,11013,0.12142227122381477,12.142227122381477,11.797133406835723,0.23042998897464168,0.11466372657111357,11,<15s,6,0,108,,original sound,not verified,16,Monday,afternoon (12-17),20.467465277777777
6875323773755657474,2020-09-22 14:47:43,48000,1086,29,32,1147,0.023895833333333335,2.3895833333333334,2.2625,0.06041666666666667,0.06666666666666667,15,15-30s,7,0,97,,original sound,not verified,14,Tuesday,afternoon (12-17),89.52144675925926
6884935459110178049,2020-10-18 12:25:56,11300,720,15,0,735,0.06504424778761062,6.504424778761061,6.371681415929204,0.13274336283185842,0.0,13,<15s,0,0,30,,other sound,not verified,12,Sunday,afternoon (12-17),63.61990740740741
6892805816492084481,2020-11-08 17:26:57,46800,2053,42,62,2157,0.04608974358974359,4.608974358974359,4.386752136752137,0.08974358974358974,0.13247863247863248,7,<15s,5,0,68,,other sound,not verified,17,Sunday,afternoon (12-17),42.410868055555554
6886765050355289346,2020-10-23 10:45:41,50400,1251,27,46,1324,0.02626984126984127,2.626984126984127,2.482142857142857,0.05357142857142857,0.09126984126984126,9,<15s,5,0,43,,original sound,not verified,10,Friday,morning (6-11),58.68952546296296
6875370613523909890,2020-09-22 17:49:28,22000,389,19,0,408,0.018545454545454546,1.8545454545454545,1.768181818181818,0.08636363636363636,0.0,5,<15s,3,1,46,,original sound,not verified,17,Tuesday,afternoon (12-17),89.39523148148149
6890189236130073857,2020-11-01 16:13:17,55100,4734,306,55,5095,0.09246823956442832,9.246823956442832,8.591651542649728,0.5553539019963702,0.0998185117967332,22,15-30s,14,0,150,,original sound,not verified,16,Sunday,afternoon (12-17),49.46202546296296
6901321371113032962,2020-12-01 16:11:39,155600,11300,127,27,11454,0.07361182519280206,7.361182519280206,7.262210796915167,0.08161953727506427,0.017352185089974295,8,<15s,7,0,89,,original sound,not verified,16,Tuesday,afternoon (12-17),19.463159722222223
6893611785295793410,2020-11-10 21:34:32,49200,11800,156,220,12176,0.24747967479674796,24.747967479674795,23.983739837398375,0.3170731707317073,0.44715447154471544,12,<15s,10,1,130,,original sound,not verified,21,Tuesday,evening (18-23),40.238935185185184
6904536120755768578,2020-12-10 08:06:32,11200000,321900,527,954,323381,0.02887330357142857,2.887330357142857,2.874107142857143,0.004705357142857143,0.008517857142857143,11,<15s,4,0,42,,other sound,not verified,8,Thursday,morning (6-11),10.800046296296296
6888873392234056962,2020-10-29 03:07:09,943,458,8,3,469,0.4973488865323436,49.73488865323436,48.568398727465535,0.848356309650053,0.3181336161187699,14,<15s,10,0,88,,original sound,not verified,3,Thursday,night (0-5),53.00795138888889
6879952519586450690,2020-10-05 02:09:41,44100,1742,86,75,1903,0.04315192743764172,4.315192743764172,3.950113378684807,0.19501133786848074,0.17006802721088435,52,30s+,7,0,111,,other sound,not verified,2,Monday,night (0-5),77.0478587962963
6884933059758755073,2020-10-18 12:16:38,3456,274,3,2,279,0.08072916666666667,8.072916666666668,7.9282407407407405,0.08680555555555555,0.05787037037037037,15,15-30s,5,1,72,,original sound,not verified,12,Sunday,afternoon (12-17),63.62636574074074
6895846066961337601,2020-11-16 22:04:41,161600,7161,80,6,7247,0.04484529702970297,4.484529702970297,4.431311881188119,0.04950495049504951,0.0037128712871287127,5,<15s,10,0,65,,original sound,not verified,22,Monday,evening (18-23),34.21799768518518
6884933447480003842,2020-10-18 12:18:08,5189,368,13,1,382,0.0736172672962035,7.361726729620351,7.091925226440547,0.2505299672383889,0.01927153594141453,20,15-30s,4,0,96,,original sound,not verified,12,Sunday,afternoon (12-17),63.62532407407407
6883604590525156609,2020-10-14 22:21:32,197300,29200,656,78,29934,0.1517181956411556,15.17181956411556,14.799797263051191,0.3324885960466295,0.039533705017739486,43,30s+,10,0,149,,original sound,not verified,22,Wednesday,evening (18-23),67.2062962962963
6886215675350666497,2020-10-21 23:13:52,9315,1334,23,6,1363,0.14632313472893183,14.632313472893182,14.320987654320987,0.24691358024691357,0.0644122383252818,8,<15s,6,0,79,,original sound,not verified,23,Wednesday,evening (18-23),60.169953703703705
6899411430660001026,2020-11-26 12:40:06,34700,3997,23,2,4022,0.11590778097982708,11.590778097982708,11.518731988472622,0.06628242074927954,0.005763688760806916,13,<15s,10,0,147,,original sound,not verified,12,Thursday,afternoon (12-17),24.610069444444445
6898613799402753281,2020-11-24 09:04:54,96400,2405,48,15,2468,0.025601659751037346,2.5601659751037347,2.4948132780082988,0.04979253112033195,0.015560165975103735,25,15-30s,8,0,81,,original sound,not verified,9,Tuesday,morning (6-11),26.75951388888889
6885861410329332998,2020-10-21 00:19:27,64000,9522,273,75,9870,0.15421875,15.421874999999998,14.878125,0.4265625,0.1171875,44,30s+,5,1,69,,other sound,not verified,0,Wednesday,night (0-5),61.124409722222225
6879772200065436929,2020-10-04 14:29:51,47500,11500,212,33,11745,0.24726315789473685,24.726315789473684,24.210526315789473,0.4463157894736842,0.06947368421052631,21,15-30s,8,0,129,,other sound,not verified,14,Sunday,afternoon (12-17),77.53385416666667
6893119957534510338,2020-11-09 13:45:58,1084,143,4,8,155,0.1429889298892989,14.29889298892989,13.191881918819188,0.36900369003690037,0.7380073800738007,15,15-30s,0,0,40,,original sound,not verified,13,Monday,afternoon (12-17),41.5643287037037
6881624031561354498,2020-10-09 14:15:54,61800,6153,36,8,6197,0.10027508090614887,10.027508090614887,9.95631067961165,0.05825242718446602,0.012944983818770227,54,30s+,4,1,112,,original sound,not verified,14,Friday,afternoon (12-17),72.54354166666667
6896541657471241474,2020-11-18 19:03:55,6599,831,37,10,878,0.1330504621912411,13.305046219124108,12.592817093499015,0.5606910137899682,0.15153811183512653,35,30s+,8,1,120,,original sound,not verified,19,Wednesday,evening (18-23),32.343530092592594
6884688821976354049,2020-10-17 20:28:52,99400,25000,659,1257,26916,0.27078470824949696,27.078470824949697,25.150905432595575,0.6629778672032193,1.2645875251509053,32,30s+,9,0,124,,original sound,not verified,20,Saturday,evening (18-23),64.28453703703704
6906870391466216709,2020-12-16 15:05:11,64300,1688,13,441,2142,0.03331259720062208,3.3312597200622083,2.625194401244168,0.02021772939346812,0.6858475894245724,13,<15s,1,0,14,,other sound,not verified,15,Wednesday,afternoon (12-17),4.50931712962963
6901020148426099969,2020-11-30 20:42:45,62300,15200,126,228,15554,0.2496629213483146,24.966292134831463,24.398073836276083,0.20224719101123595,0.36597110754414125,33,30s+,9,0,73,,original sound,not verified,20,Monday,evening (18-23),20.274895833333332
6898035916682710274,2020-11-22 19:42:25,50900,8606,147,445,9198,0.1807072691552063,18.07072691552063,16.907662082514733,0.2888015717092338,0.8742632612966601,7,<15s,5,0,72,,original sound,not verified,19,Sunday,evening (18-23),28.31679398148148
6901681280128208130,2020-12-02 15:28:16,18100,6025,217,177,6419,0.35464088397790056,35.46408839779006,33.28729281767956,1.1988950276243093,0.9779005524861878,10,<15s,9,0,137,,original sound,not verified,15,Wednesday,afternoon (12-17),18.49328703703704
6887645369895898369,2020-10-25 19:41:47,173100,26300,315,30,26645,0.15392836510687463,15.392836510687463,15.193529751588677,0.18197573656845753,0.01733102253032929,15,15-30s,7,1,132,,original sound,not verified,19,Sunday,evening (18-23),56.31723379629629
6905029441760578818,2020-12-11 16:00:51,45700,2766,69,4,2839,0.06212253829321663,6.212253829321663,6.052516411378556,0.15098468271334792,0.0087527352297593,8,<15s,7,0,146,,original sound,not verified,16,Friday,afternoon (12-17),9.470659722222223
6879842043880017154,2020-10-04 19:00:53,130100,7868,87,175,8130,0.062490392006149115,6.249039200614911,6.047655649500384,0.0668716372021522,0.1345119139123751,9,<15s,2,0,33,,original sound,not verified,19,Sunday,evening (18-23),77.34563657407408
6905761532039220482,2020-12-13 15:21:44,11100000,461700,11600,102700,576000,0.05189189189189189,5.189189189189189,4.15945945945946,0.1045045045045045,0.9252252252252252,12,<15s,5,1,61,,original sound,not verified,15,Sunday,afternoon (12-17),7.4978240740740745
6899136673347685634,2020-11-25 18:53:54,776800,86000,421,308,86729,0.11164907312049434,11.164907312049435,11.071060762100927,0.05419670442842431,0.03964984552008239,8,<15s,0,0,39,,other sound,not verified,18,Wednesday,evening (18-23),25.35048611111111
6894259747290123521,2020-11-12 15:28:56,1500000,125000,1164,1107,127271,0.08484733333333333,8.484733333333333,8.333333333333334,0.0776,0.0738,29,15-30s,0,1,45,,original sound,not verified,15,Thursday,afternoon (12-17),38.49282407407407
6906170881626754309,2020-12-14 17:50:35,86200,8204,297,93,8594,0.0996983758700696,9.96983758700696,9.517401392111369,0.34454756380510443,0.10788863109048724,12,<15s,1,0,147,,other sound,not verified,17,Monday,afternoon (12-17),6.394456018518518
6902412854188674306,2020-12-04 14:47:09,63200,6454,107,19,6580,0.10411392405063291,10.41139240506329,10.212025316455696,0.16930379746835442,0.030063291139240507,15,15-30s,6,0,67,,original sound,not verified,14,Friday,afternoon (12-17),16.521840277777777
6897664007780568321,2020-11-21 19:39:13,35900,899,88,7,994,0.027688022284122562,2.768802228412256,2.5041782729805013,0.24512534818941503,0.019498607242339833,8,<15s,3,1,95,,original sound,not verified,19,Saturday,evening (18-23),29.319016203703704
6879055868676132097,2020-10-02 16:10:07,654200,86900,694,6076,93670,0.14318251299296852,14.318251299296852,13.283399571996332,0.1060837664322837,0.928767960868236,10,<15s,6,0,102,,other sound,not verified,16,Friday,afternoon (12-17),79.46422453703704
6882975789143379201,2020-10-13 05:41:26,34800,5865,257,1,6123,0.17594827586206896,17.594827586206897,16.853448275862068,0.7385057471264368,0.0028735632183908046,10,<15s,5,3,141,,original sound,not verified,5,Tuesday,night (0-5),68.90081018518518
6875639469563759873,2020-09-23 11:12:47,47300,5805,110,33,5948,0.1257505285412262,12.575052854122621,12.272727272727273,0.23255813953488372,0.06976744186046512,15,15-30s,5,0,109,,original sound,not verified,11,Wednesday,morning (6-11),88.67070601851852
6896962911969758466,2020-11-19 22:18:37,44700,5480,26,22,5528,0.12366890380313199,12.3668903803132,12.259507829977629,0.058165548098434,0.049217002237136466,14,<15s,5,0,56,,original sound,not verified,22,Thursday,evening (18-23),31.20832175925926
6906814891034823938,2020-12-16 11:29:19,19100000,2600000,0,13700,2613700,0.13684293193717278,13.684293193717279,13.612565445026178,0.0,0.07172774869109948,8,<15s,4,0,56,,original sound,not verified,11,Wednesday,morning (6-11),4.659224537037037
6879756807481363714,2020-10-04 13:30:07,246700,4673,12,82,4767,0.0193230644507499,1.93230644507499,1.8942034860154033,0.004864207539521687,0.033238751520064856,8,<15s,3,0,20,,original sound,not verified,13,Sunday,afternoon (12-17),77.57533564814815
6905705430886944002,2020-12-13 11:44:02,49400,1472,39,114,1625,0.03289473684210526,3.289473684210526,2.979757085020243,0.07894736842105263,0.23076923076923078,10,<15s,9,0,94,,original sound,not verified,11,Sunday,morning (6-11),7.64900462962963
6884970166489271557,2020-10-18 14:41:56,99600,9247,60,27,9334,0.093714859437751,9.3714859437751,9.284136546184738,0.060240963855421686,0.02710843373493976,21,15-30s,7,0,119,,original sound,not verified,14,Sunday,afternoon (12-17),63.52546296296296
6902680579989359874,2020-12-05 08:06:05,246400,8990,380,440,9810,0.03981331168831169,3.981331168831169,3.648538961038961,0.15422077922077923,0.17857142857142858,19,15-30s,3,0,58,,other sound,not verified,8,Saturday,morning (6-11),15.800358796296296
6897704483288124673,2020-11-21 22:16:17,582400,70100,490,729,71319,0.12245707417582417,12.245707417582418,12.036401098901099,0.08413461538461539,0.1251717032967033,15,15-30s,0,2,47,,original sound,not verified,22,Saturday,evening (18-23),29.20994212962963
6891973965238111489,2020-11-06 11:38:56,55500,6130,111,31,6272,0.11300900900900901,11.300900900900901,11.045045045045045,0.2,0.055855855855855854,15,15-30s,7,0,123,,original sound,not verified,11,Friday,morning (6-11),44.65254629629629
6881218787157216514,2020-10-08 12:03:21,171200,5898,31,689,6618,0.038656542056074765,3.8656542056074765,3.4450934579439254,0.018107476635514017,0.4024532710280374,17,15-30s,12,0,124,,original sound,not verified,12,Thursday,afternoon (12-17),73.63559027777778
6906604842081357057,2020-12-15 21:54:16,70100,24000,264,240,24504,0.34955777460770326,34.95577746077033,34.236804564907274,0.37660485021398005,0.34236804564907275,59,30s+,4,1,107,,original sound,not verified,21,Tuesday,evening (18-23),5.225231481481481
6895890526185213186,2020-11-17 00:57:13,58500,7508,17,18,7543,0.12894017094017093,12.894017094017093,12.834188034188035,0.02905982905982906,0.03076923076923077,37,30s+,0,0,25,,original sound,not verified,0,Tuesday,night (0-5),34.09818287037037
6904279792388984066,2020-12-09 15:31:50,103000,9099,124,38,9261,0.0899126213592233,8.99126213592233,8.833980582524271,0.1203883495145631,0.036893203883495145,11,<15s,9,0,106,,original sound,verified,15,Wednesday,afternoon (12-17),11.490810185185186
6903247940127640834,2020-12-06 20:47:43,197200,25700,414,518,26632,0.13505070993914808,13.505070993914808,13.032454361054766,0.2099391480730223,0.26267748478701824,9,<15s,6,0,82,,other sound,not verified,20,Sunday,evening (18-23),14.271446759259259
6895453128989101313,2020-11-15 20:39:52,44000,4029,95,0,4124,0.09372727272727273,9.372727272727273,9.156818181818181,0.2159090909090909,0.0,24,15-30s,0,0,0,,original sound,not verified,20,Sunday,evening (18-23),35.27689814814815
6905505804959452417,2020-12-12 22:49:26,198500,13000,52,349,13401,0.06751133501259446,6.751133501259446,6.54911838790932,0.02619647355163728,0.17581863979848866,59,30s+,5,0,70,,original sound,not verified,22,Saturday,evening (18-23),8.186921296296296
6902725059429911809,2020-12-05 10:58:40,124000,11200,213,57,11470,0.0925,9.25,9.03225806451613,0.1717741935483871,0.04596774193548387,15,15-30s,0,0,51,,original sound,not verified,10,Saturday,morning (6-11),15.68050925925926
6903809474268646658,2020-12-08 09:06:46,102400,20700,86,110,20896,0.2040625,20.40625,20.21484375,0.083984375,0.107421875,11,<15s,8,1,123,,original sound,not verified,9,Tuesday,morning (6-11),12.758217592592592
6884981528430988546,2020-10-18 15:24:42,109200,10600,195,313,11108,0.10172161172161172,10.172161172161172,9.706959706959706,0.17857142857142858,0.2866300366300366,13,<15s,1,0,14,,other sound,not verified,15,Sunday,afternoon (12-17),63.49576388888889
6908111363365768453,2020-12-19 23:20:34,89500,13400,469,860,14729,0.16456983240223463,16.45698324022346,14.972067039106145,0.524022346368715,0.9608938547486033,59,30s+,7,0,42,,original sound,not verified,23,Saturday,evening (18-23),1.165300925925926
6906845094473649410,2020-12-16 13:26:31,1800000,299500,2637,377,302514,0.16806333333333334,16.806333333333335,16.63888888888889,0.1465,0.020944444444444446,53,30s+,2,0,32,,original sound,verified,13,Wednesday,afternoon (12-17),4.577835648148148
6879440891853982978,2020-10-03 17:04:12,66600,23000,186,224,23410,0.3515015015015015,35.150150150150154,34.53453453453454,0.27927927927927926,0.33633633633633636,13,<15s,1,0,14,,original sound,not verified,17,Saturday,afternoon (12-17),78.42666666666666
6902396851106925825,2020-12-04 13:45:03,6458,712,24,5,741,0.11474140600805204,11.474140600805203,11.02508516568597,0.37163208423660576,0.0774233508826262,60,30s+,9,0,132,,other sound,not verified,13,Friday,afternoon (12-17),16.564965277777777
6877337975030598917,2020-09-28 01:04:21,63700,5449,131,19,5599,0.08789638932496076,8.789638932496075,8.554160125588696,0.20565149136577707,0.029827315541601257,37,30s+,1,1,31,,other sound,not verified,1,Monday,night (0-5),84.09322916666666
6907233534893640965,2020-12-17 14:34:26,139300,16800,150,198,17148,0.12310122038765255,12.310122038765254,12.06030150753769,0.10768126346015794,0.14213926776740848,13,<15s,4,0,34,,other sound,not verified,14,Thursday,afternoon (12-17),3.5306712962962963
6876760427229957377,2020-09-26 11:42:38,83200,2961,38,17,3016,0.03625,3.6249999999999996,3.558894230769231,0.04567307692307692,0.020432692307692308,13,<15s,4,0,74,,original sound,not verified,11,Saturday,morning (6-11),85.64997685185185
6886872042411494658,2020-10-23 17:40:53,202200,38700,408,915,40023,0.19793768545994064,19.793768545994066,19.13946587537092,0.20178041543026706,0.45252225519287836,13,<15s,12,0,150,,original sound,not verified,17,Friday,afternoon (12-17),58.40119212962963
6900302214896618757,2020-11-28 22:17:22,53800,5328,106,56,5490,0.10204460966542751,10.20446096654275,9.903345724907064,0.1970260223048327,0.10408921933085502,58,30s+,6,1,146,,original sound,not verified,22,Saturday,evening (18-23),22.209189814814813
6884265104637005057,2020-10-16 17:04:38,198500,50500,578,457,51535,0.25962216624685136,25.962216624685137,25.44080604534005,0.291183879093199,0.23022670025188918,15,15-30s,11,0,137,,other sound,not verified,17,Friday,afternoon (12-17),65.42636574074074
6880877914078842113,2020-10-07 14:00:35,3854,154,2,1,157,0.040736896730669436,4.073689673066943,3.995848469122989,0.05189413596263622,0.02594706798131811,15,15-30s,3,0,23,,original sound,not verified,14,Wednesday,afternoon (12-17),74.55417824074074
6899884198279073025,2020-11-27 19:14:41,1900000,218600,2397,1197,222194,0.11694421052631579,11.69442105263158,11.505263157894737,0.1261578947368421,0.063,13,<15s,13,0,140,,original sound,not verified,19,Friday,evening (18-23),23.33605324074074
6903738407227297026,2020-12-08 04:31:00,10400,1525,93,0,1618,0.15557692307692308,15.557692307692308,14.663461538461538,0.8942307692307693,0.0,9,<15s,0,0,19,,original sound,not verified,4,Tuesday,night (0-5),12.949722222222222
6881838035051269377,2020-10-10 04:06:23,1300000,258200,3030,5762,266992,0.20537846153846154,20.537846153846154,19.861538461538462,0.23307692307692307,0.4432307692307692,8,<15s,6,0,126,,original sound,not verified,4,Saturday,night (0-5),71.96681712962963
6908309278365404418,2020-12-20 12:08:17,12800,1546,38,18,1602,0.12515625,12.515625,12.078125,0.296875,0.140625,14,<15s,6,0,132,,original sound,not verified,12,Sunday,afternoon (12-17),0.6321643518518518
6901815472178646274,2020-12-03 00:09:02,345000,61600,972,1348,63920,0.1852753623188406,18.52753623188406,17.855072463768117,0.2817391304347826,0.39072463768115945,15,15-30s,8,0,110,,original sound,not verified,0,Thursday,night (0-5),18.13164351851852
6877036154982616321,2020-09-27 05:32:38,1896,198,4,8,210,0.11075949367088607,11.075949367088606,10.443037974683545,0.2109704641350211,0.4219409282700422,15,15-30s,6,0,76,,original sound,not verified,5,Sunday,night (0-5),84.90692129629629
6902010787800370433,2020-12-03 12:46:56,12900000,822200,1960,30600,854760,0.06626046511627907,6.626046511627908,6.373643410852713,0.015193798449612403,0.2372093023255814,29,15-30s,1,0,8,,other sound,not verified,12,Thursday,afternoon (12-17),17.605324074074073
6889774570367192322,2020-10-31 13:24:09,1200000,244200,829,362,245391,0.2044925,20.44925,20.35,0.06908333333333333,0.030166666666666668,14,<15s,0,0,0,,original sound,not verified,13,Saturday,afternoon (12-17),50.579479166666665
6876835225989664002,2020-09-26 16:32:54,1500000,153600,1473,1975,157048,0.10469866666666666,10.469866666666666,10.24,0.0982,0.13166666666666665,21,15-30s,6,0,79,,other sound,not verified,16,Saturday,afternoon (12-17),85.44840277777777
6888753654594145537,2020-10-28 19:22:29,3300000,305300,3502,34100,342902,0.10390969696969697,10.390969696969696,9.251515151515152,0.10612121212121212,1.0333333333333334,19,15-30s,10,0,138,,original sound,not verified,19,Wednesday,evening (18-23),53.33063657407408
6901670973137898753,2020-12-02 14:48:17,196900,15900,176,133,16209,0.08232097511427121,8.23209751142712,8.075165058405283,0.0893854748603352,0.0675469781615033,15,15-30s,3,0,77,,original sound,not verified,14,Wednesday,afternoon (12-17),18.52105324074074
6888474204623195397,2020-10-28 01:18:34,269900,15800,81,1153,17034,0.06311226380140793,6.311226380140793,5.854020007410152,0.03001111522786217,0.4271952575027788,9,<15s,5,0,126,,other sound,not verified,1,Wednesday,night (0-5),54.08335648148148
6907692740469902593,2020-12-18 20:15:50,623000,90600,843,286,91729,0.14723756019261638,14.72375601926164,14.542536115569824,0.13531300160513643,0.045906902086677366,10,<15s,0,0,13,,original sound,not verified,20,Friday,evening (18-23),2.2935879629629627
6881662658794294529,2020-10-09 16:45:47,252600,26000,448,133,26581,0.10522961203483769,10.522961203483769,10.292953285827394,0.17735550277117973,0.05265241488519398,11,<15s,3,0,55,,other sound,not verified,16,Friday,afternoon (12-17),72.43945601851851
6889502513469410565,2020-10-30 19:49:06,326400,29700,226,13,29939,0.09172487745098039,9.172487745098039,9.099264705882353,0.06924019607843138,0.003982843137254902,19,15-30s,13,0,109,,original sound,not verified,19,Friday,evening (18-23),51.312152777777776
6885802277555293441,2020-10-20 20:29:40,117800,8581,62,182,8825,0.0749151103565365,7.49151103565365,7.284380305602716,0.05263157894736842,0.15449915110356535,18,15-30s,1,0,52,,original sound,not verified,20,Tuesday,evening (18-23),61.28398148148148
6893192903749913858,2020-11-09 18:29:02,26200,447,75,10,532,0.020305343511450382,2.030534351145038,1.7061068702290076,0.2862595419847328,0.03816793893129771,16,15-30s,13,0,149,,original sound,not verified,18,Monday,evening (18-23),41.36775462962963
6898791307016146177,2020-11-24 20:33:42,97900,7070,222,63,7355,0.07512768130745659,7.512768130745659,7.221654749744637,0.22676200204290092,0.06435137895812053,40,30s+,10,0,122,,original sound,not verified,20,Tuesday,evening (18-23),26.281180555555554
6886517104871279874,2020-10-22 18:43:33,59400,4662,64,80,4806,0.0809090909090909,8.09090909090909,7.848484848484849,0.10774410774410774,0.13468013468013468,7,<15s,0,0,40,,original sound,not verified,18,Thursday,evening (18-23),59.35767361111111
6901195423273291009,2020-12-01 08:02:55,132800,42600,742,162,43504,0.32759036144578313,32.75903614457831,32.07831325301205,0.5587349397590361,0.12198795180722892,11,<15s,6,0,81,,original sound,not verified,8,Tuesday,morning (6-11),19.80255787037037
6905831259478461698,2020-12-13 19:52:20,62900,1242,104,32,1378,0.02190779014308426,2.190779014308426,1.9745627980922098,0.16534181240063592,0.05087440381558029,13,<15s,3,0,21,,original sound,not verified,19,Sunday,evening (18-23),7.309907407407407
6892756720829893890,2020-11-08 14:16:25,57200,2380,73,106,2559,0.04473776223776224,4.473776223776224,4.160839160839161,0.12762237762237763,0.1853146853146853,8,<15s,4,0,134,,original sound,not verified,14,Sunday,afternoon (12-17),42.54318287037037
6904909762027195649,2020-12-11 08:16:27,31300,1188,8,1,1197,0.038242811501597446,3.8242811501597447,3.7955271565495208,0.025559105431309903,0.003194888178913738,15,15-30s,6,1,82,,original sound,not verified,8,Friday,morning (6-11),9.793159722222223
6888254914754006274,2020-10-27 11:07:08,43700,4896,257,198,5351,0.12244851258581235,12.244851258581235,11.20366132723112,0.5881006864988558,0.45308924485125857,9,<15s,1,0,42,,original sound,not verified,11,Tuesday,morning (6-11),54.67462962962963
6903552918159379713,2020-12-07 16:31:11,126400,5626,48,119,5793,0.04583069620253165,4.5830696202531644,4.450949367088608,0.0379746835443038,0.09414556962025317,15,15-30s,9,1,99,,original sound,not verified,16,Monday,afternoon (12-17),13.449594907407407
6894393861238557954,2020-11-13 00:09:25,10600,1338,13,61,1412,0.1332075471698113,13.320754716981131,12.622641509433961,0.12264150943396226,0.5754716981132075,14,<15s,0,0,0,,original sound,not verified,0,Friday,night (0-5),38.13137731481481
6877530962742217985,2020-09-28 13:32:42,2700000,116400,347,15000,131747,0.048795185185185184,4.879518518518519,4.311111111111111,0.012851851851851852,0.5555555555555556,13,<15s,2,0,51,,other sound,verified,13,Monday,afternoon (12-17),83.57354166666667
6884265711980645634,2020-10-16 17:06:58,2400000,171500,1051,1762,174313,0.07263041666666667,7.263041666666667,7.145833333333333,0.043791666666666666,0.07341666666666667,6,<15s,4,0,63,,original sound,verified,17,Friday,afternoon (12-17),65.42474537037037
6893183413965147394,2020-11-09 17:52:13,31800,2566,96,9,2671,0.0839937106918239,8.39937106918239,8.069182389937106,0.3018867924528302,0.02830188679245283,15,15-30s,8,1,146,,original sound,not verified,17,Monday,afternoon (12-17),41.39332175925926
6885774617479302402,2020-10-20 18:42:19,58900,441,7,15,463,0.007860780984719864,0.7860780984719864,0.7487266553480475,0.011884550084889643,0.025466893039049237,7,<15s,3,0,26,,other sound,not verified,18,Tuesday,evening (18-23),61.358530092592595
6899811757322194177,2020-11-27 14:33:34,58300,5161,51,102,5314,0.09114922813036021,9.11492281303602,8.852487135506003,0.08747855917667238,0.17495711835334476,25,15-30s,6,0,53,,original sound,not verified,14,Friday,afternoon (12-17),23.53127314814815
6882598038947286274,2020-10-12 05:15:35,202400,10400,747,91,11238,0.05552371541501976,5.5523715415019765,5.138339920948616,0.36907114624505927,0.04496047430830039,30,30s+,3,0,64,,original sound,not verified,5,Monday,night (0-5),69.91876157407407
6894926988453186817,2020-11-14 10:38:10,103600,11600,27,96,11723,0.11315637065637066,11.315637065637066,11.196911196911197,0.026061776061776062,0.09266409266409266,11,<15s,7,0,72,,original sound,not verified,10,Saturday,morning (6-11),36.69474537037037
6895741298297359617,2020-11-16 15:18:06,331900,24300,97,1508,25905,0.07805061765592046,7.805061765592046,7.321482374209099,0.029225670382645376,0.4543537210003013,15,15-30s,6,0,54,,original sound,not verified,15,Monday,afternoon (12-17),34.500347222222224
6903050763124215042,2020-12-06 08:02:34,48800,7446,327,30,7803,0.15989754098360656,15.989754098360656,15.258196721311476,0.6700819672131147,0.06147540983606557,13,<15s,5,0,52,,original sound,not verified,8,Sunday,morning (6-11),14.802800925925926
6905530005711768833,2020-12-13 00:23:21,1100000,165100,1969,156,167225,0.15202272727272728,15.202272727272728,15.00909090909091,0.179,0.014181818181818183,15,15-30s,0,0,108,,original sound,verified,0,Sunday,night (0-5),8.121701388888889
6904391934735944961,2020-12-09 22:47:02,215600,17200,80,57,17337,0.08041280148423005,8.041280148423006,7.977736549165121,0.03710575139146568,0.026437847866419294,11,<15s,12,0,135,,original sound,not verified,22,Wednesday,evening (18-23),11.188587962962963
6890553472937200898,2020-11-02 15:46:42,45500,2105,41,8,2154,0.04734065934065934,4.734065934065934,4.626373626373627,0.09010989010989011,0.017582417582417582,11,<15s,9,0,69,,original sound,not verified,15,Monday,afternoon (12-17),48.48048611111111
6881035542830550278,2020-10-08 00:12:49,71400,4851,122,25,4998,0.07,7.000000000000001,6.794117647058823,0.17086834733893558,0.0350140056022409,17,15-30s,10,0,124,,original sound,not verified,0,Thursday,night (0-5),74.1290162037037
6886011511391718657,2020-10-21 10:01:35,148200,4851,22,61,4934,0.03329284750337382,3.3292847503373824,3.2732793522267207,0.014844804318488529,0.04116059379217274,23,15-30s,9,0,119,,original sound,not verified,10,Wednesday,morning (6-11),60.72015046296296
6908031436243225858,2020-12-19 18:10:08,5400000,846100,7471,18300,871871,0.1614575925925926,16.14575925925926,15.66851851851852,0.13835185185185186,0.3388888888888889,9,<15s,6,1,63,,other sound,not verified,18,Saturday,evening (18-23),1.3808796296296297
6886383962885737730,2020-10-22 10:06:52,6893,277,5,78,360,0.052226896851878715,5.222689685187872,4.018569563325112,0.07253735673872044,1.1315827651240389,18,15-30s,13,0,145,,original sound,not verified,10,Thursday,morning (6-11),59.71648148148148
6882817271899770114,2020-10-12 19:26:19,23100,1816,66,7,1889,0.08177489177489178,8.177489177489178,7.861471861471862,0.2857142857142857,0.030303030303030304,13,<15s,6,1,135,,original sound,not verified,19,Monday,evening (18-23),69.32797453703704
6880986381309562118,2020-10-07 21:02:06,166600,26200,469,114,26783,0.16076230492196877,16.076230492196878,15.726290516206483,0.2815126050420168,0.06842737094837935,17,15-30s,3,1,73,,original sound,not verified,21,Wednesday,evening (18-23),74.26145833333334
6881841137934454017,2020-10-10 04:18:25,22700,2349,20,8,2377,0.1047136563876652,10.47136563876652,10.348017621145374,0.0881057268722467,0.03524229074889868,14,<15s,0,0,0,,original sound,not verified,4,Saturday,night (0-5),71.95846064814815
6889769067306061057,2020-10-31 13:02:48,50300,8516,70,380,8966,0.17825049701789264,17.825049701789265,16.930417495029822,0.13916500994035785,0.7554671968190855,9,<15s,8,0,84,,original sound,not verified,13,Saturday,afternoon (12-17),50.59430555555556
6883070138279677186,2020-10-13 11:47:33,27600,1833,87,28,1948,0.07057971014492753,7.057971014492753,6.641304347826087,0.31521739130434784,0.10144927536231885,29,15-30s,6,0,111,,original sound,not verified,11,Tuesday,morning (6-11),68.6465625
6878668790503116038,2020-10-01 15:09:08,102900,14700,1112,121,15933,0.15483965014577258,15.483965014577258,14.285714285714286,1.0806608357628766,0.11758989310009718,57,30s+,9,2,115,,original sound,not verified,15,Thursday,afternoon (12-17),80.50657407407408
6893935935684185346,2020-11-11 18:32:23,73600,6529,30,18,6577,0.08936141304347826,8.936141304347826,8.870923913043478,0.04076086956521739,0.024456521739130436,13,<15s,12,0,136,,other sound,not verified,18,Wednesday,evening (18-23),39.36542824074074
6881719705028021509,2020-10-09 20:27:44,56800,8960,562,59,9581,0.16867957746478873,16.867957746478872,15.774647887323944,0.9894366197183099,0.10387323943661972,55,30s+,8,1,118,,original sound,not verified,20,Friday,evening (18-23),72.28532407407407
6904976916437044482,2020-12-11 12:37:02,291200,46200,406,33,46639,0.1601614010989011,16.01614010989011,15.865384615384615,0.13942307692307693,0.011332417582417582,59,30s+,0,1,68,,original sound,verified,12,Friday,afternoon (12-17),9.612199074074073
6880203069192211713,2020-10-05 18:21:51,30300,1859,55,3,1917,0.06326732673267327,6.326732673267327,6.135313531353136,0.18151815181518152,0.009900990099009901,12,<15s,4,1,119,,original sound,not verified,18,Monday,evening (18-23),76.37274305555556
6891396863979769093,2020-11-04 22:20:01,101800,11500,388,34,11922,0.11711198428290766,11.711198428290766,11.296660117878192,0.381139489194499,0.03339882121807466,14,<15s,0,1,28,,original sound,not verified,22,Wednesday,evening (18-23),46.20734953703704
6908543785303608581,2020-12-21 03:18:36,3600000,305300,1777,1688,308765,0.08576805555555556,8.576805555555556,8.480555555555556,0.04936111111111111,0.04688888888888889,22,15-30s,2,0,38,,original sound,not verified,3,Monday,night (0-5),0.0
6895420478932946177,2020-11-15 18:33:10,430100,67300,1578,1972,70850,0.1647291327598233,16.47291327598233,15.647523831667055,0.3668914205998605,0.45849802371541504,26,15-30s,0,1,26,,other sound,not verified,18,Sunday,evening (18-23),35.364884259259256
6899441890677116162,2020-11-26 14:38:22,167500,14600,344,33,14977,0.08941492537313434,8.941492537313433,8.716417910447761,0.20537313432835821,0.019701492537313434,9,<15s,2,1,79,,original sound,not verified,14,Thursday,afternoon (12-17),24.527939814814815
6906741890503183621,2020-12-16 06:47:07,21500000,500800,1810,22800,525410,0.02443767441860465,2.443767441860465,2.3293023255813954,0.00841860465116279,0.10604651162790697,13,<15s,6,0,97,,original sound,not verified,6,Wednesday,morning (6-11),4.855196759259259
6899784988095499522,2020-11-27 12:49:41,63200,1829,371,44,2244,0.035506329113924054,3.5506329113924053,2.893987341772152,0.5870253164556962,0.06962025316455696,10,<15s,0,0,20,,original sound,not verified,12,Friday,afternoon (12-17),23.603414351851853
6893189880231283970,2020-11-09 18:17:18,80400,4929,505,29,5463,0.06794776119402986,6.794776119402986,6.130597014925373,0.6281094527363185,0.036069651741293535,8,<15s,1,0,3,,original sound,not verified,18,Monday,evening (18-23),41.375902777777775
6899791521470778625,2020-11-27 13:15:03,28700,4171,31,35,4237,0.1476306620209059,14.763066202090592,14.533101045296167,0.10801393728222997,0.12195121951219512,15,15-30s,7,0,147,,original sound,not verified,13,Friday,afternoon (12-17),23.585798611111112
6900102046876208386,2020-11-28 09:20:03,38400,4220,44,29,4293,0.111796875,11.1796875,10.989583333333334,0.11458333333333333,0.07552083333333333,21,15-30s,5,0,48,,original sound,not verified,9,Saturday,morning (6-11),22.748993055555555
6889831681469975810,2020-10-31 17:05:46,51300,2925,120,22,3067,0.05978557504873294,5.978557504873294,5.701754385964913,0.23391812865497075,0.042884990253411304,15,15-30s,10,0,116,,original sound,not verified,17,Saturday,afternoon (12-17),50.42557870370371
6878794517391150337,2020-10-01 23:15:59,50300,2598,66,8,2672,0.05312127236580517,5.312127236580517,5.165009940357853,0.1312127236580517,0.015904572564612324,11,<15s,5,0,141,,original sound,not verified,23,Thursday,evening (18-23),80.1684837962963
6878601415150062850,2020-10-01 10:46:37,102600,5858,98,74,6030,0.058771929824561406,5.87719298245614,5.709551656920078,0.09551656920077972,0.07212475633528265,10,<15s,0,0,0,,original sound,not verified,10,Thursday,morning (6-11),80.68887731481482
6893140398403816706,2020-11-09 15:05:18,351500,27700,517,142,28359,0.08067994310099573,8.067994310099573,7.8805120910384066,0.14708392603129444,0.040398293029871975,8,<15s,2,0,73,,original sound,not verified,15,Monday,afternoon (12-17),41.509236111111115
6891212276406160641,2020-11-04 10:23:12,7200000,441200,4398,41900,487498,0.06770805555555555,6.770805555555555,6.127777777777778,0.06108333333333334,0.5819444444444445,12,<15s,0,0,1,,original sound,not verified,10,Wednesday,morning (6-11),46.70513888888889
6878300825932860674,2020-09-30 15:20:11,251100,16600,76,398,17074,0.06799681401831939,6.799681401831939,6.610911987256073,0.030266825965750695,0.15850258861011549,5,<15s,4,0,60,,other sound,not verified,15,Wednesday,afternoon (12-17),81.49890046296296
6904174259589958913,2020-12-09 08:42:19,92000,4634,1,63,4698,0.051065217391304346,5.106521739130435,5.03695652173913,0.0010869565217391304,0.06847826086956521,15,15-30s,6,0,79,,original sound,not verified,8,Wednesday,morning (6-11),11.77519675925926
6880080548086172929,2020-10-05 10:26:24,21600,2223,12,36,2271,0.10513888888888889,10.51388888888889,10.291666666666666,0.05555555555555555,0.16666666666666666,10,<15s,0,4,115,,original sound,not verified,10,Monday,morning (6-11),76.70291666666667
6901344153343364354,2020-12-01 17:40:03,18000,4147,1756,567,6470,0.35944444444444446,35.94444444444444,23.038888888888888,9.755555555555556,3.15,11,<15s,2,0,28,,original sound,not verified,17,Tuesday,afternoon (12-17),19.401770833333334
6886472762878151937,2020-10-22 15:51:27,56800,1425,31,19,1475,0.02596830985915493,2.596830985915493,2.5088028169014085,0.05457746478873239,0.03345070422535211,7,<15s,0,0,44,,original sound,not verified,15,Thursday,afternoon (12-17),59.4771875
6893282758790008065,2020-11-10 00:17:46,43700,6842,184,107,7133,0.16322654462242564,16.322654462242564,15.65675057208238,0.42105263157894735,0.2448512585812357,45,30s+,5,1,143,,original sound,not verified,0,Tuesday,night (0-5),41.1255787037037
6907292013293505794,2020-12-17 18:20:48,525900,63100,352,96,63548,0.1208366609621601,12.08366609621601,11.998478798250618,0.06693287697280852,0.01825442099258414,45,30s+,0,1,14,,original sound,not verified,18,Thursday,evening (18-23),3.3734722222222224
6902733196811635969,2020-12-05 11:30:15,82700,4568,91,21,4680,0.056590084643289,5.6590084643289,5.523579201934703,0.11003627569528417,0.02539298669891173,7,<15s,5,1,87,,other sound,not verified,11,Saturday,morning (6-11),15.65857638888889
6903508885970193666,2020-12-07 13:40:19,340500,129200,2629,6902,138731,0.40743318649045523,40.74331864904552,37.944199706314244,0.7720998531571219,2.0270190895741558,9,<15s,8,1,131,,other sound,not verified,13,Monday,afternoon (12-17),13.568252314814815
6906515542035746050,2020-12-15 16:07:41,316800,4012,93,24,4129,0.013033459595959597,1.3033459595959596,1.2664141414141414,0.029356060606060608,0.007575757575757576,14,<15s,9,0,89,,original sound,not verified,16,Tuesday,afternoon (12-17),5.465914351851852
6895318771666308354,2020-11-15 11:58:29,44600,1791,36,3,1830,0.041031390134529146,4.103139013452915,4.015695067264574,0.08071748878923767,0.006726457399103139,29,15-30s,15,0,148,,other sound,not verified,11,Sunday,morning (6-11),35.63896990740741
6905698143560633602,2020-12-13 11:15:45,64200,4597,207,286,5090,0.0792834890965732,7.928348909657321,7.160436137071651,0.32242990654205606,0.4454828660436137,59,30s+,17,0,143,,other sound,not verified,11,Sunday,morning (6-11),7.668645833333334
6894955763098193154,2020-11-14 12:29:49,78100,8691,151,46,8888,0.11380281690140845,11.380281690140844,11.128040973111396,0.19334186939820744,0.058898847631242,16,15-30s,7,0,65,,original sound,not verified,12,Saturday,afternoon (12-17),36.617210648148145
6906933953777700097,2020-12-16 19:11:21,254200,20100,53,299,20452,0.08045633359559402,8.045633359559403,7.907159716758458,0.020849724626278522,0.11762391817466562,22,15-30s,3,1,64,,other sound,not verified,19,Wednesday,evening (18-23),4.338368055555556
6893433380352822529,2020-11-10 10:02:13,91300,3186,24,14,3224,0.03531215772179628,3.531215772179628,3.4895947426067906,0.02628696604600219,0.01533406352683461,15,15-30s,9,0,93,,other sound,not verified,10,Tuesday,morning (6-11),40.71971064814815
6903527132979318018,2020-12-07 14:51:08,33500,3755,55,6,3816,0.11391044776119404,11.391044776119404,11.208955223880597,0.16417910447761194,0.01791044776119403,15,15-30s,7,0,132,,original sound,not verified,14,Monday,afternoon (12-17),13.519074074074075
6893035754067430658,2020-11-09 08:19:14,785700,41000,195,292,41487,0.05280259641084383,5.280259641084383,5.2182766959399265,0.024818633066055747,0.03716431207840142,9,<15s,5,0,71,,original sound,verified,8,Monday,morning (6-11),41.79122685185185
6907818554905726214,2020-12-19 04:24:24,92400,2475,11,11,2497,0.027023809523809523,2.702380952380952,2.6785714285714284,0.011904761904761904,0.011904761904761904,11,<15s,9,0,139,,other sound,not verified,4,Saturday,night (0-5),1.9543055555555555
6889446389349125377,2020-10-30 16:10:39,24200,1763,12,90,1865,0.07706611570247934,7.706611570247935,7.285123966942149,0.049586776859504134,0.371900826446281,15,15-30s,5,0,45,,original sound,not verified,16,Friday,afternoon (12-17),51.463854166666664
6904986469501259014,2020-12-11 13:14:52,66400,1754,14,15,1783,0.026852409638554217,2.6852409638554215,2.641566265060241,0.02108433734939759,0.022590361445783132,6,<15s,3,1,71,,original sound,not verified,13,Friday,afternoon (12-17),9.585925925925926
6900076260693724417,2020-11-28 07:40:00,107500,1567,44,19,1630,0.015162790697674419,1.516279069767442,1.457674418604651,0.04093023255813953,0.017674418604651163,9,<15s,13,0,150,,original sound,not verified,7,Saturday,morning (6-11),22.818472222222223
6903994055907118338,2020-12-08 21:03:02,28200,1339,26,31,1396,0.04950354609929078,4.950354609929078,4.74822695035461,0.09219858156028368,0.1099290780141844,11,<15s,0,0,40,,original sound,not verified,21,Tuesday,evening (18-23),12.260810185185186
6892745555836013826,2020-11-08 13:33:06,11400,393,52,2,447,0.03921052631578947,3.9210526315789473,3.4473684210526314,0.45614035087719296,0.017543859649122806,9,<15s,1,0,36,,original sound,not verified,13,Sunday,afternoon (12-17),42.57326388888889
6890707606579563781,2020-11-03 01:45:17,393800,32100,301,43,32444,0.08238699847638395,8.238699847638395,8.151345860843067,0.07643473844591163,0.010919248349415947,31,30s+,7,1,78,,original sound,not verified,1,Tuesday,night (0-5),48.064803240740744
6904359798809054470,2020-12-09 20:42:38,135100,21300,603,731,22634,0.16753515914137676,16.753515914137676,15.766099185788304,0.4463360473723168,0.5410806809770541,7,<15s,5,0,68,,original sound,not verified,20,Wednesday,evening (18-23),11.274976851851852
6884795858827644161,2020-10-18 03:24:14,48600,1086,36,6,1128,0.023209876543209877,2.3209876543209877,2.234567901234568,0.07407407407407407,0.012345679012345678,13,<15s,1,0,14,,other sound,not verified,3,Sunday,night (0-5),63.99608796296296
6883600153593367810,2020-10-14 22:04:20,52500,7700,129,171,8000,0.1523809523809524,15.238095238095239,14.666666666666666,0.24571428571428572,0.32571428571428573,13,<15s,1,0,14,,other sound,not verified,22,Wednesday,evening (18-23),67.21824074074074
6902084818440408321,2020-12-03 17:34:12,56700,7001,35,16,7052,0.12437389770723103,12.437389770723103,12.347442680776014,0.06172839506172839,0.02821869488536155,20,15-30s,9,0,132,,other sound,not verified,17,Thursday,afternoon (12-17),17.405833333333334
6886679044323020033,2020-10-23 05:12:02,21500,1869,5,3,1877,0.08730232558139535,8.730232558139535,8.693023255813953,0.023255813953488372,0.013953488372093023,34,30s+,0,0,10,,original sound,not verified,5,Friday,night (0-5),58.92122685185185
6904338682598264069,2020-12-09 19:20:44,228100,27700,236,30,27966,0.1226041209995616,12.26041209995616,12.143796580447173,0.10346339324857519,0.0131521262604121,11,<15s,4,0,69,,original sound,not verified,19,Wednesday,evening (18-23),11.331851851851852
6892784023928704258,2020-11-08 16:02:23,54200,12600,173,534,13307,0.24551660516605167,24.551660516605168,23.247232472324722,0.3191881918819188,0.985239852398524,12,<15s,14,0,142,,original sound,not verified,16,Sunday,afternoon (12-17),42.469594907407405
6882758194754522369,2020-10-12 15:37:03,20400,613,54,4,671,0.032892156862745096,3.2892156862745097,3.0049019607843137,0.2647058823529412,0.0196078431372549,8,<15s,9,0,117,,original sound,not verified,15,Monday,afternoon (12-17),69.4871875
6882342986634595586,2020-10-11 12:45:49,11900,643,61,1,705,0.059243697478991594,5.924369747899159,5.4033613445378155,0.5126050420168067,0.008403361344537815,7,<15s,9,0,146,,original sound,not verified,12,Sunday,afternoon (12-17),70.60609953703704
6906249909863779585,2020-12-14 22:56:58,40300,12300,249,79,12628,0.3133498759305211,31.334987593052112,30.521091811414394,0.6178660049627791,0.19602977667493796,18,15-30s,8,0,106,,original sound,not verified,22,Monday,evening (18-23),6.181689814814815
6907808236133469445,2020-12-19 03:44:17,69100,14700,221,287,15208,0.22008683068017365,22.008683068017366,21.273516642547033,0.31982633863965265,0.4153400868306802,57,30s+,10,0,115,,other sound,not verified,3,Saturday,night (0-5),1.982164351851852
6901321675988651265,2020-12-01 16:12:50,291100,29000,436,194,29630,0.10178632772243215,10.178632772243215,9.96221229817932,0.14977670903469598,0.06664376502919958,10,<15s,0,0,52,,original sound,not verified,16,Tuesday,afternoon (12-17),19.462337962962962
6895768030618438913,2020-11-16 17:01:51,81800,2264,60,48,2372,0.028997555012224938,2.8997555012224936,2.7677261613691932,0.07334963325183375,0.05867970660146699,12,<15s,3,0,63,,original sound,not verified,17,Monday,afternoon (12-17),34.42829861111111
6895806487784869122,2020-11-16 19:31:05,1400000,6274,173,636,7083,0.005059285714285714,0.5059285714285714,0.4481428571428571,0.012357142857142856,0.04542857142857143,8,<15s,4,0,60,,original sound,not verified,19,Monday,evening (18-23),34.32466435185185
6908408424610974977,2020-12-20 18:33:03,89900,7721,143,4,7868,0.0875194660734149,8.751946607341491,8.588431590656285,0.15906562847608455,0.004449388209121246,6,<15s,4,0,49,,other sound,not verified,18,Sunday,evening (18-23),0.36496527777777776
6908292605101051137,2020-12-20 11:03:35,4000000,619000,6991,2146,628137,0.15703425,15.703425,15.475,0.174775,0.05365,15,15-30s,4,0,60,,original sound,verified,11,Sunday,morning (6-11),0.6770949074074074
6888428739861040386,2020-10-27 22:21:41,551800,40400,763,984,42147,0.0763809351214208,7.63809351214208,7.321493294671982,0.13827473722363176,0.1783254802464661,21,15-30s,1,0,10,,other sound,not verified,22,Tuesday,evening (18-23),54.20619212962963
6897961707491085569,2020-11-22 14:54:26,70800,4165,134,59,4358,0.06155367231638418,6.155367231638418,5.882768361581921,0.18926553672316385,0.08333333333333333,8,<15s,3,0,48,,original sound,not verified,14,Sunday,afternoon (12-17),28.51678240740741
6900606242016840962,2020-11-29 17:56:35,64500000,3500000,23100,46600,3569700,0.055344186046511624,5.5344186046511625,5.426356589147287,0.035813953488372095,0.07224806201550388,12,<15s,0,0,6,,original sound,verified,17,Sunday,afternoon (12-17),21.39028935185185
6899443808321277185,2020-11-26 14:45:45,9843,561,1090,5,1656,0.16824138982017678,16.82413898201768,5.699481865284974,11.073859595651733,0.05079752108097125,15,15-30s,13,0,125,,original sound,not verified,14,Thursday,afternoon (12-17),24.5228125
6899842091749215489,2020-11-27 16:31:17,67100,2685,48,116,2849,0.04245901639344262,4.245901639344262,4.001490312965723,0.07153502235469449,0.17287630402384502,15,15-30s,13,0,150,,original sound,not verified,16,Friday,afternoon (12-17),23.449525462962963
6898107264805244162,2020-11-23 00:19:18,27800,4435,64,21,4520,0.16258992805755396,16.258992805755394,15.953237410071942,0.2302158273381295,0.07553956834532374,9,<15s,9,1,147,,other sound,not verified,0,Monday,night (0-5),28.124513888888888
6896469887732960513,2020-11-18 14:25:25,40500,391,10,2,403,0.009950617283950617,0.9950617283950617,0.9654320987654321,0.024691358024691357,0.0049382716049382715,14,<15s,9,0,115,,original sound,not verified,14,Wednesday,afternoon (12-17),32.53693287037037
6883565215552654593,2020-10-14 19:48:42,65300,9782,144,32,9958,0.15249617151607964,15.249617151607964,14.980091883614088,0.22052067381316998,0.04900459418070444,54,30s+,4,0,92,,original sound,not verified,19,Wednesday,evening (18-23),67.31243055555555
6892015573861993730,2020-11-06 14:20:24,46900,1651,37,15,1703,0.03631130063965885,3.6311300639658852,3.5202558635394454,0.07889125799573561,0.031982942430703626,10,<15s,2,0,60,,other sound,not verified,14,Friday,afternoon (12-17),44.540416666666665
6897251091910528257,2020-11-20 16:56:53,226500,1269,29,10,1308,0.0057748344370860925,0.5774834437086093,0.5602649006622517,0.012803532008830023,0.004415011037527594,7,<15s,3,0,25,,other sound,not verified,16,Friday,afternoon (12-17),30.431747685185186
6899519135198383361,2020-11-26 19:38:03,175100,11700,77,87,11864,0.06775556824671616,6.775556824671616,6.6818960593946315,0.04397487150199886,0.04968589377498572,41,30s+,6,0,85,,other sound,not verified,19,Thursday,evening (18-23),24.319826388888888
6899462833088531714,2020-11-26 15:59:34,115600,5209,169,33,5411,0.04680795847750865,4.680795847750865,4.506055363321799,0.14619377162629757,0.028546712802768166,8,<15s,9,0,146,,original sound,not verified,15,Thursday,afternoon (12-17),24.471550925925925
6886115520425266433,2020-10-21 16:45:10,51000,3824,107,53,3984,0.07811764705882353,7.811764705882353,7.4980392156862745,0.20980392156862746,0.10392156862745099,33,30s+,5,0,72,,original sound,not verified,16,Wednesday,afternoon (12-17),60.43988425925926
6880225229415681282,2020-10-05 19:47:51,113600,17600,251,372,18223,0.1604137323943662,16.04137323943662,15.492957746478874,0.22095070422535212,0.3274647887323944,14,<15s,8,0,74,,original sound,not verified,19,Monday,evening (18-23),76.31302083333334
6900932062853893378,2020-11-30 15:00:58,41200,3412,36,145,3593,0.08720873786407767,8.720873786407767,8.281553398058252,0.08737864077669903,0.35194174757281554,6,<15s,6,0,49,,original sound,not verified,15,Monday,afternoon (12-17),20.51224537037037
6894377684403604738,2020-11-12 23:06:38,1900000,69200,373,1486,71059,0.037399473684210524,3.7399473684210522,3.642105263157895,0.01963157894736842,0.07821052631578948,11,<15s,9,0,106,,other sound,not verified,23,Thursday,evening (18-23),38.17497685185185
6906058362128010498,2020-12-14 10:33:36,71700,3435,30,246,3711,0.051757322175732215,5.175732217573222,4.7907949790794975,0.04184100418410042,0.34309623430962344,16,15-30s,8,1,133,,original sound,not verified,10,Monday,morning (6-11),6.697916666666667
6875862825932180738,2020-09-24 01:39:31,60700,9773,105,12,9890,0.1629324546952224,16.29324546952224,16.100494233937397,0.17298187808896212,0.019769357495881382,15,15-30s,1,2,67,,original sound,not verified,1,Thursday,night (0-5),88.06880787037036
6900185373540961537,2020-11-28 14:43:23,31100,3118,406,41,3565,0.11463022508038585,11.463022508038586,10.02572347266881,1.3054662379421222,0.13183279742765272,30,30s+,5,0,135,,original sound,not verified,14,Saturday,afternoon (12-17),22.524456018518517
6900632361621392642,2020-11-29 19:37:57,40900,3077,42,8,3127,0.07645476772616137,7.645476772616138,7.52322738386308,0.10268948655256724,0.019559902200488997,15,15-30s,4,0,34,,original sound,not verified,19,Sunday,evening (18-23),21.319895833333334
6903091992268459265,2020-12-06 10:42:33,9373,833,6,2,841,0.08972580817241012,8.972580817241012,8.88722927557879,0.06401365624666595,0.02133788541555532,15,15-30s,2,2,69,,original sound,not verified,10,Sunday,morning (6-11),14.69170138888889
6878517470894836998,2020-10-01 05:22:27,117500,5845,112,14,5971,0.05081702127659574,5.081702127659574,4.974468085106383,0.09531914893617022,0.011914893617021277,39,30s+,6,0,70,,original sound,not verified,5,Thursday,night (0-5),80.91399305555555
6897028685413633281,2020-11-20 02:33:51,111900,5791,511,74,6376,0.05697944593386953,5.697944593386953,5.175156389633601,0.45665773011617516,0.06613047363717604,11,<15s,7,0,144,,original sound,not verified,2,Friday,night (0-5),31.031076388888888
6886816932222356741,2020-10-23 14:08:47,59000,4909,886,8,5803,0.09835593220338983,9.835593220338982,8.320338983050847,1.5016949152542374,0.013559322033898305,58,30s+,0,1,27,,original sound,not verified,14,Friday,afternoon (12-17),58.548483796296296
6878340953933876482,2020-09-30 17:55:54,63700,8283,119,43,8445,0.132574568288854,13.2574568288854,13.003139717425432,0.18681318681318682,0.06750392464678179,21,15-30s,11,0,133,,original sound,not verified,17,Wednesday,afternoon (12-17),81.39076388888888
6896237474381614338,2020-11-17 23:23:34,37700,2809,20,46,2875,0.07625994694960213,7.625994694960212,7.450928381962865,0.05305039787798409,0.1220159151193634,13,<15s,1,0,14,,other sound,not verified,23,Tuesday,evening (18-23),33.163217592592595
6876716527186382081,2020-09-26 08:52:18,23600,1714,141,17,1872,0.07932203389830508,7.932203389830509,7.262711864406779,0.597457627118644,0.07203389830508475,15,15-30s,3,0,66,,other sound,not verified,8,Saturday,morning (6-11),85.7682638888889
6900951421374516481,2020-11-30 16:16:03,150100,11000,40,932,11972,0.0797601598934044,7.97601598934044,7.328447701532312,0.02664890073284477,0.6209193870752832,13,<15s,1,0,14,,original sound,not verified,16,Monday,afternoon (12-17),20.460104166666667
6887366313526709510,2020-10-25 01:39:25,87600,20300,625,305,21230,0.24235159817351598,24.235159817351597,23.17351598173516,0.7134703196347032,0.3481735159817352,59,30s+,9,0,116,,original sound,not verified,1,Sunday,night (0-5),57.06887731481481
6888847866157223169,2020-10-29 01:28:07,87600,18800,219,1295,20314,0.23189497716894977,23.189497716894977,21.461187214611872,0.25,1.4783105022831051,27,15-30s,10,0,126,,original sound,not verified,1,Thursday,night (0-5),53.07672453703704
6877301356101782785,2020-09-27 22:41:46,45000,1957,46,69,2072,0.04604444444444444,4.604444444444445,4.348888888888889,0.10222222222222223,0.15333333333333332,51,30s+,9,0,102,,other sound,not verified,22,Sunday,evening (18-23),84.19224537037037
6882770369573358853,2020-10-12 16:25:05,83100,19700,539,204,20443,0.24600481347773767,24.600481347773766,23.70637785800241,0.6486161251504212,0.24548736462093862,37,30s+,4,0,116,,original sound,not verified,16,Monday,afternoon (12-17),69.45383101851851
6879871451772620033,2020-10-04 20:55:02,90200,14700,143,63,14906,0.1652549889135255,16.525498891352548,16.29711751662971,0.15853658536585366,0.06984478935698447,23,15-30s,8,0,110,,original sound,not verified,20,Sunday,evening (18-23),77.26636574074074
6903551807230872833,2020-12-07 16:26:52,25000,6144,25,61,6230,0.2492,24.92,24.576,0.1,0.244,10,<15s,7,1,97,,original sound,not verified,16,Monday,afternoon (12-17),13.452592592592593
6876320502848261378,2020-09-25 07:15:32,8223,801,34,15,850,0.10336860026754226,10.336860026754225,9.740970448741335,0.41347440107016903,0.18241517694272164,14,<15s,4,0,87,,other sound,not verified,7,Friday,morning (6-11),86.83546296296296
6884257667573894401,2020-10-16 16:35:45,65900,13700,75,228,14003,0.2124886191198786,21.24886191198786,20.78907435508346,0.11380880121396054,0.34597875569044007,31,30s+,8,0,70,,original sound,not verified,16,Friday,afternoon (12-17),65.44642361111111
6884153193425636610,2020-10-16 09:50:26,62800,6111,207,16,6334,0.10085987261146497,10.085987261146496,9.730891719745223,0.32961783439490444,0.025477707006369428,9,<15s,4,0,77,,original sound,not verified,9,Friday,morning (6-11),65.72789351851851
6891310470830034182,2020-11-04 16:45:09,90800,8080,178,142,8400,0.09251101321585903,9.251101321585903,8.898678414096917,0.1960352422907489,0.15638766519823788,59,30s+,11,1,132,,original sound,not verified,16,Wednesday,afternoon (12-17),46.43989583333333
6895488257920945414,2020-11-15 22:56:44,96100,9007,107,14,9128,0.0949843912591051,9.49843912591051,9.372528616024974,0.1113423517169615,0.014568158168574402,7,<15s,6,0,148,,other sound,not verified,22,Sunday,evening (18-23),35.18185185185185
6878841351916637441,2020-10-02 02:17:42,49300,4304,47,208,4559,0.09247464503042596,9.247464503042597,8.730223123732252,0.09533468559837728,0.42190669371196754,29,15-30s,8,0,112,,other sound,not verified,2,Friday,night (0-5),80.04229166666667
6880924761333959938,2020-10-07 17:02:22,66200,6691,112,8,6811,0.10288519637462236,10.288519637462237,10.107250755287009,0.1691842900302115,0.012084592145015106,15,15-30s,10,0,100,,original sound,not verified,17,Wednesday,afternoon (12-17),74.42793981481482
6899164169870773505,2020-11-25 20:40:36,1200000,68100,1342,857,70299,0.0585825,5.85825,5.675,0.11183333333333334,0.07141666666666667,15,15-30s,1,1,20,,other sound,not verified,20,Wednesday,evening (18-23),25.27638888888889
6879439535726529794,2020-10-03 16:58:56,429100,33800,473,3606,37879,0.08827546026567233,8.827546026567234,7.876951759496621,0.11023071545094383,0.840363551619669,15,15-30s,7,1,70,,original sound,not verified,16,Saturday,afternoon (12-17),78.43032407407408
6896407441815260418,2020-11-18 10:23:06,181200,20800,252,1313,22365,0.12342715231788079,12.342715231788079,11.479028697571744,0.1390728476821192,0.7246136865342163,15,15-30s,11,0,146,,original sound,not verified,10,Wednesday,morning (6-11),32.70520833333333
6889452355486485762,2020-10-30 16:33:48,42000,2247,60,1,2308,0.054952380952380954,5.495238095238095,5.35,0.14285714285714285,0.002380952380952381,15,15-30s,9,0,150,,original sound,not verified,16,Friday,afternoon (12-17),51.44777777777778
6884239332329164034,2020-10-16 15:24:37,47000,5013,51,18,5082,0.10812765957446809,10.812765957446809,10.66595744680851,0.10851063829787234,0.03829787234042553,10,<15s,5,2,113,,other sound,not verified,15,Friday,afternoon (12-17),65.49582175925926
6879123852467768581,2020-10-02 20:34:33,226700,3372,56,23,3451,0.015222761358623731,1.522276135862373,1.4874283193647992,0.024702249669166298,0.010145566828407587,17,15-30s,9,0,143,,original sound,not verified,20,Friday,evening (18-23),79.28059027777778
6876145412105899265,2020-09-24 19:56:05,64400,1805,57,34,1896,0.029440993788819876,2.9440993788819876,2.8027950310559007,0.08850931677018634,0.052795031055900624,11,<15s,4,0,63,,original sound,not verified,19,Thursday,evening (18-23),87.30730324074074
6898295232723471617,2020-11-23 12:28:41,72500,5398,40,95,5533,0.07631724137931034,7.631724137931034,7.44551724137931,0.05517241379310345,0.1310344827586207,14,<15s,13,0,147,,original sound,not verified,12,Monday,afternoon (12-17),27.617997685185184
6895082457968725249,2020-11-14 20:41:29,24800000,1200000,4454,14400,1218854,0.04914733870967742,4.914733870967742,4.838709677419355,0.01795967741935484,0.05806451612903226,7,<15s,7,0,139,,other sound,verified,20,Saturday,evening (18-23),36.27577546296296
6896035426092453122,2020-11-17 10:19:29,113800,8860,25,71,8956,0.07869947275922672,7.869947275922671,7.785588752196837,0.021968365553602813,0.06239015817223199,13,<15s,2,0,16,,original sound,not verified,10,Tuesday,morning (6-11),33.70771990740741
6900621838653869313,2020-11-29 18:57:06,72300,1723,79,21,1823,0.025214384508990318,2.5214384508990317,2.3831258644536653,0.10926694329183956,0.029045643153526972,10,<15s,0,0,39,,original sound,not verified,18,Sunday,evening (18-23),21.348263888888887
6898020845189434625,2020-11-22 18:43:55,632900,81900,2968,541,85409,0.13494864907568335,13.494864907568335,12.9404329277927,0.4689524411439406,0.08547953863169537,15,15-30s,6,2,149,,other sound,verified,18,Sunday,evening (18-23),28.35741898148148
6875317312082201857,2020-09-22 14:22:38,202900,1783,4,5,1792,0.008831936914736323,0.8831936914736324,0.8787580088713652,0.001971414489896501,0.0024642681123706258,7,<15s,7,0,113,,other sound,not verified,14,Tuesday,afternoon (12-17),89.53886574074075
6883066746559794434,2020-10-13 11:34:22,182800,15900,77,26,16003,0.0875437636761488,8.75437636761488,8.698030634573303,0.04212253829321663,0.014223194748358862,12,<15s,0,0,46,,original sound,not verified,11,Tuesday,morning (6-11),68.6557175925926
6903969832719453445,2020-12-08 19:29:42,141500,10600,161,157,10918,0.07715901060070672,7.715901060070672,7.491166077738516,0.1137809187279152,0.11095406360424029,10,<15s,0,0,5,,other sound,not verified,19,Tuesday,evening (18-23),12.325625
6893504738076167426,2020-11-10 14:39:07,36700,886,87,85,1058,0.0288283378746594,2.8828337874659398,2.4141689373297,0.23705722070844687,0.23160762942779292,15,15-30s,8,0,147,,original sound,not verified,14,Tuesday,afternoon (12-17),40.52741898148148
6905077243240877313,2020-12-11 19:06:22,34500,6403,171,48,6622,0.19194202898550725,19.194202898550724,18.559420289855073,0.4956521739130435,0.1391304347826087,59,30s+,7,0,99,,original sound,not verified,19,Friday,evening (18-23),9.341828703703703
6903324940011916546,2020-12-07 01:46:32,125400,46500,1035,1878,49413,0.3940430622009569,39.40430622009569,37.08133971291866,0.8253588516746412,1.4976076555023923,13,<15s,8,0,138,,original sound,not verified,1,Monday,night (0-5),14.063935185185185
6898363189080214786,2020-11-23 16:52:23,99900,17600,454,12,18066,0.18084084084084084,18.084084084084083,17.61761761761762,0.4544544544544545,0.012012012012012012,59,30s+,5,1,145,,original sound,not verified,16,Monday,afternoon (12-17),27.434872685185184
6895808596605537537,2020-11-16 19:39:16,317500,38200,525,139,38864,0.12240629921259842,12.240629921259842,12.031496062992126,0.16535433070866143,0.04377952755905512,48,30s+,0,1,37,,original sound,not verified,19,Monday,evening (18-23),34.31898148148148
6907268705248464129,2020-12-17 16:50:21,33700,3414,38,66,3518,0.10439169139465876,10.439169139465875,10.130563798219585,0.11275964391691394,0.19584569732937684,18,15-30s,0,0,16,,original sound,not verified,16,Thursday,afternoon (12-17),3.436284722222222
6887853904697101570,2020-10-26 09:11:04,76900,8093,65,83,8241,0.10716514954486346,10.716514954486346,10.524057217165149,0.08452535760728218,0.10793237971391417,34,30s+,5,1,87,,original sound,not verified,9,Monday,morning (6-11),55.75523148148148
6907966191059356929,2020-12-19 13:56:56,795900,153400,509,127,154036,0.19353687649202161,19.35368764920216,19.273778112828246,0.0639527578841563,0.01595677848976002,25,15-30s,2,0,119,,other sound,verified,13,Saturday,afternoon (12-17),1.556712962962963
6886026780914846978,2020-10-21 11:00:50,58200,3657,14,54,3725,0.06400343642611683,6.400343642611683,6.283505154639175,0.024054982817869417,0.09278350515463918,6,<15s,4,0,48,,original sound,not verified,11,Wednesday,morning (6-11),60.67900462962963
6888423769107385601,2020-10-27 22:02:23,59400,5875,203,274,6352,0.10693602693602694,10.693602693602694,9.890572390572391,0.34175084175084175,0.4612794612794613,56,30s+,0,0,55,,original sound,not verified,22,Tuesday,evening (18-23),54.219594907407405
6883594464900779270,2020-10-14 21:42:53,95700,12100,77,168,12345,0.12899686520376175,12.899686520376175,12.64367816091954,0.08045977011494253,0.1755485893416928,7,<15s,11,1,120,,other sound,not verified,21,Wednesday,evening (18-23),67.23313657407408
6877179236386376961,2020-09-27 14:47:50,620300,25900,579,2267,28746,0.04634209253586974,4.634209253586974,4.175399000483637,0.09334193132355312,0.365468321779784,59,30s+,15,0,147,,other sound,not verified,14,Sunday,afternoon (12-17),84.52136574074073
6898328700476083457,2020-11-23 14:38:33,223500,31200,170,79,31449,0.14071140939597315,14.071140939597315,13.95973154362416,0.07606263982102908,0.03534675615212528,20,15-30s,11,0,147,,original sound,not verified,14,Monday,afternoon (12-17),27.5278125
6903579807641095430,2020-12-07 18:16:16,89100,5753,568,69,6390,0.07171717171717172,7.171717171717172,6.45679012345679,0.6374859708193041,0.07744107744107744,15,15-30s,0,1,28,,original sound,not verified,18,Monday,evening (18-23),13.37662037037037
6886619249889070337,2020-10-23 01:19:55,25900,1842,87,18,1947,0.07517374517374517,7.517374517374517,7.111969111969112,0.3359073359073359,0.0694980694980695,30,30s+,9,1,134,,original sound,not verified,1,Friday,night (0-5),59.08241898148148
6896810007157935362,2020-11-19 12:25:15,40100,3836,404,11,4251,0.10600997506234414,10.600997506234414,9.566084788029926,1.0074812967581048,0.02743142144638404,22,15-30s,2,1,83,,other sound,not verified,12,Thursday,afternoon (12-17),31.620381944444443
6899171884571626753,2020-11-25 21:10:33,351700,103900,758,1548,106206,0.3019789593403469,30.19789593403469,29.542223485925504,0.21552459482513506,0.44014785328404893,26,15-30s,12,0,117,,original sound,not verified,21,Wednesday,evening (18-23),25.255590277777777
6876512902929599745,2020-09-25 19:42:09,1000000,199600,387,113,200100,0.2001,20.01,19.96,0.0387,0.0113,12,<15s,3,0,42,,original sound,verified,19,Friday,evening (18-23),86.31697916666667
6878650367668653314,2020-10-01 13:56:34,26900,1723,68,2,1793,0.0666542750929368,6.665427509293679,6.405204460966543,0.2527881040892193,0.007434944237918215,15,15-30s,4,1,105,,other sound,not verified,13,Thursday,afternoon (12-17),80.5569675925926
6884999522360052993,2020-10-18 16:34:32,684000,41900,152,5077,47129,0.06890204678362573,6.890204678362573,6.125730994152047,0.022222222222222223,0.742251461988304,24,15-30s,5,0,84,,other sound,not verified,16,Sunday,afternoon (12-17),63.44726851851852
6905772202600189189,2020-12-13 16:03:31,346100,5473,41,24,5538,0.016001155735336607,1.6001155735336607,1.581334874313782,0.011846287200231146,0.006934412019647501,7,<15s,7,1,105,,original sound,not verified,16,Sunday,afternoon (12-17),7.46880787037037
6890594872328195333,2020-11-02 18:28:06,111100,20000,466,210,20676,0.1861026102610261,18.61026102610261,18.001800180018,0.41944194419441944,0.18901890189018902,58,30s+,6,1,122,,original sound,not verified,18,Monday,evening (18-23),48.368402777777774
6883894825855274242,2020-10-15 17:07:45,72700,19600,140,384,20124,0.27680880330123797,27.6808803301238,26.960110041265473,0.19257221458046767,0.5281980742778541,11,<15s,11,0,126,,original sound,not verified,17,Thursday,afternoon (12-17),66.42420138888889
6900735754700459270,2020-11-30 02:19:40,78300,9504,112,11,9627,0.12295019157088123,12.295019157088124,12.137931034482758,0.14303959131545338,0.0140485312899106,28,15-30s,10,1,125,,original sound,not verified,2,Monday,night (0-5),21.040925925925926
6879705053884697858,2020-10-04 10:09:18,55100,3347,0,873,4220,0.0765880217785844,7.65880217785844,6.074410163339383,0.0,1.5843920145190562,10,<15s,5,0,31,,original sound,not verified,10,Sunday,morning (6-11),77.71479166666667
6908113835845012742,2020-12-19 23:30:09,2900000,395200,1890,21400,418490,0.14430689655172413,14.430689655172413,13.627586206896552,0.06517241379310344,0.7379310344827587,8,<15s,6,0,72,,original sound,not verified,23,Saturday,evening (18-23),1.1586458333333334
6897005299798936834,2020-11-20 01:03:07,36000,2409,76,37,2522,0.07005555555555555,7.0055555555555555,6.691666666666666,0.2111111111111111,0.10277777777777777,14,<15s,9,0,102,,original sound,not verified,1,Friday,night (0-5),31.09408564814815
6895703273773321474,2020-11-16 12:50:33,207900,13600,94,195,13889,0.0668061568061568,6.68061568061568,6.541606541606542,0.04521404521404521,0.09379509379509379,14,<15s,12,0,112,,original sound,not verified,12,Monday,afternoon (12-17),34.6028125
6906841661821717762,2020-12-16 13:13:11,25800,779,11,44,834,0.032325581395348836,3.2325581395348837,3.0193798449612403,0.04263565891472868,0.17054263565891473,59,30s+,0,0,150,,original sound,verified,13,Wednesday,afternoon (12-17),4.587094907407407
6899555224801791234,2020-11-26 21:58:07,33800,3434,82,39,3555,0.10517751479289941,10.517751479289942,10.159763313609467,0.24260355029585798,0.11538461538461539,13,<15s,5,0,47,,other sound,not verified,21,Thursday,evening (18-23),24.22255787037037
6882508731343506694,2020-10-11 23:29:28,142300,20500,243,1570,22313,0.15680252986647927,15.680252986647927,14.406184118060436,0.17076598735066761,1.1033028812368235,8,<15s,8,0,96,,original sound,not verified,23,Sunday,evening (18-23),70.15912037037037
6907990866284088578,2020-12-19 15:32:42,132300,14800,125,231,15156,0.1145578231292517,11.45578231292517,11.186696900982616,0.0944822373393802,0.1746031746031746,7,<15s,5,0,135,,other sound,not verified,15,Saturday,afternoon (12-17),1.4902083333333334
6888750527845485825,2020-10-28 19:10:21,128500,3123,150,48,3321,0.025844357976653697,2.58443579766537,2.430350194552529,0.11673151750972763,0.03735408560311284,18,15-30s,1,1,41,,other sound,not verified,19,Wednesday,evening (18-23),53.3390625
6903317821770484994,2020-12-07 01:18:56,511200,48100,460,388,48948,0.09575117370892018,9.575117370892018,9.40923317683881,0.08998435054773082,0.07589984350547731,12,<15s,5,1,81,,original sound,not verified,1,Monday,night (0-5),14.083101851851852
6904645678018923777,2020-12-10 15:11:40,23200,732,1206,10,1948,0.08396551724137931,8.39655172413793,3.1551724137931036,5.198275862068965,0.04310344827586207,15,15-30s,10,0,84,,original sound,not verified,15,Thursday,afternoon (12-17),10.504814814814814
6886856236667636993,2020-10-23 16:39:32,67000,9025,67,1,9093,0.13571641791044775,13.571641791044776,13.470149253731343,0.1,0.0014925373134328358,14,<15s,6,0,139,,original sound,not verified,16,Friday,afternoon (12-17),58.4437962962963
6899676363188473093,2020-11-27 05:48:57,478400,114600,5892,2564,123056,0.25722408026755855,25.722408026755854,23.95484949832776,1.2316053511705685,0.5359531772575251,15,15-30s,11,0,135,,other sound,not verified,5,Friday,night (0-5),23.895590277777778
6903061991225691394,2020-12-06 08:46:08,1700000,36400,370,518,37288,0.021934117647058823,2.1934117647058824,2.1411764705882352,0.02176470588235294,0.030470588235294117,20,15-30s,0,0,0,,original sound,not verified,8,Sunday,morning (6-11),14.772546296296296
6876374255974501633,2020-09-25 10:44:06,5100000,365600,2765,2491,370856,0.07271686274509805,7.271686274509805,7.1686274509803924,0.0542156862745098,0.04884313725490196,10,<15s,0,0,12,,other sound,not verified,10,Friday,morning (6-11),86.690625
6902810912416189701,2020-12-05 16:32:40,133900,7367,387,598,8352,0.062374906646751306,6.23749066467513,5.501867064973861,0.2890216579536968,0.44660194174757284,25,15-30s,2,2,141,,other sound,not verified,16,Saturday,afternoon (12-17),15.448564814814814
6889412761927847169,2020-10-30 14:00:09,44800,1587,30,113,1730,0.03861607142857143,3.8616071428571432,3.5424107142857144,0.06696428571428571,0.25223214285714285,8,<15s,0,0,38,,original sound,not verified,14,Friday,afternoon (12-17),51.55447916666667
6904256013650758914,2020-12-09 13:59:33,253000,22100,179,228,22507,0.0889604743083004,8.89604743083004,8.735177865612648,0.07075098814229248,0.09011857707509881,59,30s+,10,0,89,,original sound,not verified,13,Wednesday,afternoon (12-17),11.554895833333333
6908266212787047686,2020-12-20 09:23:15,219700,11900,91,11,12002,0.0546290395994538,5.46290395994538,5.41647701411015,0.04142011834319527,0.005006827492034593,10,<15s,2,0,44,,original sound,not verified,9,Sunday,morning (6-11),0.7467708333333334
6886527144478936321,2020-10-22 19:22:31,53000,3808,183,212,4203,0.07930188679245283,7.9301886792452825,7.184905660377359,0.3452830188679245,0.4,11,<15s,3,0,26,,original sound,not verified,19,Thursday,evening (18-23),59.330613425925925
6883063619202993409,2020-10-13 11:22:16,16900,1339,43,128,1510,0.0893491124260355,8.934911242603551,7.923076923076923,0.25443786982248523,0.757396449704142,59,30s+,4,0,54,,other sound,not verified,11,Tuesday,morning (6-11),68.66412037037037
6899477494659960066,2020-11-26 16:56:28,52700,3218,172,47,3437,0.06521821631878558,6.521821631878558,6.106261859582543,0.32637571157495254,0.08918406072106262,14,<15s,4,0,121,,other sound,not verified,16,Thursday,afternoon (12-17),24.432037037037038
6884691950478298370,2020-10-17 20:41:00,118900,8133,80,385,8598,0.07231286795626576,7.231286795626576,6.840201850294365,0.0672834314550042,0.32380151387720774,7,<15s,0,0,13,,original sound,not verified,20,Saturday,evening (18-23),64.2761111111111
6888218363923942657,2020-10-27 08:45:18,4400000,340300,864,1299,342463,0.0778325,7.78325,7.734090909090909,0.019636363636363636,0.029522727272727273,24,15-30s,0,0,23,,original sound,not verified,8,Tuesday,morning (6-11),54.773125
6897026408372096261,2020-11-20 02:25:33,2800000,31900,518,45900,78318,0.027970714285714286,2.7970714285714284,1.1392857142857142,0.0185,1.6392857142857142,10,<15s,6,1,65,,original sound,not verified,2,Friday,night (0-5),31.036840277777777
6884860645364354306,2020-10-18 07:35:38,45800,5846,56,67,5969,0.13032751091703057,13.032751091703057,12.764192139737991,0.1222707423580786,0.1462882096069869,5,<15s,8,0,84,,original sound,not verified,7,Sunday,morning (6-11),63.82150462962963
6882041935029226754,2020-10-10 17:17:35,547700,64500,947,2497,67944,0.12405331385795143,12.405331385795144,11.776519992696732,0.17290487493153187,0.45590651816687966,15,15-30s,0,0,1,,original sound,not verified,17,Saturday,afternoon (12-17),71.41737268518519
6901798489315921158,2020-12-02 23:03:38,72500,4411,35,34,4480,0.06179310344827586,6.179310344827586,6.0841379310344825,0.04827586206896552,0.04689655172413793,14,<15s,0,0,0,,original sound,not verified,23,Wednesday,evening (18-23),18.177060185185184
6900949746962238721,2020-11-30 16:09:33,260800,36300,1099,36,37435,0.14353911042944786,14.353911042944786,13.918711656441717,0.4213957055214724,0.013803680981595092,59,30s+,10,1,147,,original sound,not verified,16,Monday,afternoon (12-17),20.464618055555555
6880161721349311746,2020-10-05 15:41:23,58600,4751,32,29,4812,0.0821160409556314,8.211604095563139,8.107508532423209,0.05460750853242321,0.04948805460750853,13,<15s,4,0,32,,original sound,not verified,15,Monday,afternoon (12-17),76.48417824074075
6886231790332218629,2020-10-22 00:16:54,90200,9233,156,48,9437,0.10462305986696231,10.462305986696231,10.236141906873614,0.1729490022172949,0.05321507760532151,53,30s+,6,0,87,,original sound,not verified,0,Thursday,night (0-5),60.12618055555556
6894262046720986369,2020-11-12 15:37:51,39700,3161,81,342,3584,0.09027707808564232,9.027707808564232,7.962216624685139,0.2040302267002519,0.8614609571788413,26,15-30s,6,0,89,,other sound,not verified,15,Thursday,afternoon (12-17),38.48663194444445
6877167604100910337,2020-09-27 14:02:42,136600,6940,81,238,7259,0.05314055636896047,5.314055636896047,5.080527086383602,0.05929721815519766,0.17423133235724744,28,15-30s,9,0,132,,original sound,not verified,14,Sunday,afternoon (12-17),84.55270833333333
6903949620775324930,2020-12-08 18:10:36,47200,4967,46,101,5114,0.10834745762711864,10.834745762711865,10.523305084745763,0.09745762711864407,0.21398305084745764,9,<15s,4,0,63,,original sound,not verified,18,Tuesday,evening (18-23),12.380555555555556
6902115301094116610,2020-12-03 19:32:30,94200,16700,504,539,17743,0.18835456475583864,18.835456475583864,17.72823779193206,0.535031847133758,0.5721868365180467,53,30s+,9,0,99,,original sound,not verified,19,Thursday,evening (18-23),17.323680555555555
6902424258006273281,2020-12-04 15:31:24,590600,86000,2875,1583,90458,0.15316288520149002,15.316288520149001,14.561462919065358,0.48679309177108027,0.2680325093125635,11,<15s,9,0,118,,original sound,not verified,15,Friday,afternoon (12-17),16.49111111111111
6887617610196733186,2020-10-25 17:54:06,69300,20500,61,58,20619,0.29753246753246754,29.753246753246753,29.58152958152958,0.08802308802308802,0.0836940836940837,12,<15s,5,0,51,,other sound,not verified,17,Sunday,afternoon (12-17),56.39201388888889
6896760414055435521,2020-11-19 09:12:49,1100000,135700,4146,11500,151346,0.13758727272727272,13.758727272727272,12.336363636363636,0.3769090909090909,1.0454545454545454,14,<15s,8,0,94,,original sound,not verified,9,Thursday,morning (6-11),31.754016203703703
6901972269636078850,2020-12-03 10:17:28,37900,3169,42,9,3220,0.08496042216358839,8.49604221635884,8.361477572559366,0.11081794195250659,0.023746701846965697,10,<15s,6,0,85,,original sound,verified,10,Thursday,morning (6-11),17.70912037037037
6880508779109125378,2020-10-06 14:08:10,12200,1116,123,23,1262,0.10344262295081967,10.344262295081966,9.147540983606557,1.0081967213114753,0.1885245901639344,41,30s+,8,1,115,,original sound,not verified,14,Tuesday,afternoon (12-17),75.54891203703704
6893922616696999169,2020-11-11 17:40:42,35200,2212,147,8,2367,0.06724431818181818,6.724431818181818,6.284090909090909,0.41761363636363635,0.022727272727272728,15,15-30s,3,1,82,,original sound,not verified,17,Wednesday,afternoon (12-17),39.40131944444445
6882071585621069058,2020-10-10 19:12:38,10900,1018,13,2,1033,0.09477064220183486,9.477064220183486,9.339449541284404,0.11926605504587157,0.01834862385321101,30,30s+,5,0,119,,original sound,not verified,19,Saturday,evening (18-23),71.33747685185185
6889466576051932421,2020-10-30 17:29:45,128900,11700,94,12,11806,0.09159038013964313,9.159038013964313,9.076803723816912,0.07292474786656322,0.009309542280837859,12,<15s,10,2,138,,original sound,not verified,17,Friday,afternoon (12-17),51.40892361111111
6878510237784083713,2020-10-01 04:52:50,9667,1915,10,3,1928,0.199441398572463,19.944139857246302,19.809661735802212,0.10344470880314471,0.031033412640943416,15,15-30s,0,0,0,,original sound,not verified,4,Thursday,night (0-5),80.93456018518519
6882670049648200962,2020-10-12 09:55:00,146100,34700,348,717,35765,0.244798083504449,24.479808350444902,23.750855578370977,0.23819301848049282,0.49075975359342916,13,<15s,1,0,14,,original sound,not verified,9,Monday,morning (6-11),69.72472222222223
6906885936366259457,2020-12-16 16:05:01,1000000,141200,1432,57,142689,0.142689,14.2689,14.12,0.1432,0.0057,25,15-30s,0,0,18,,original sound,verified,16,Wednesday,afternoon (12-17),4.467766203703704
6901655785407909121,2020-12-02 13:49:20,540800,112600,1179,1017,114796,0.21227071005917159,21.227071005917157,20.821005917159763,0.2180103550295858,0.18805473372781065,16,15-30s,7,0,85,,original sound,not verified,13,Wednesday,afternoon (12-17),18.56199074074074
6899086619228376321,2020-11-25 15:39:40,102800,1466,23,17,1506,0.014649805447470817,1.4649805447470818,1.4260700389105059,0.02237354085603113,0.016536964980544747,20,15-30s,9,0,121,,other sound,not verified,15,Wednesday,afternoon (12-17),25.48537037037037
6896614154682125570,2020-11-18 23:45:17,369700,84500,293,799,85592,0.23151744657830672,23.151744657830672,22.856370029753855,0.07925344874222343,0.21612117933459563,30,30s+,3,0,25,,original sound,not verified,23,Wednesday,evening (18-23),32.14813657407407
6904657340679654661,2020-12-10 15:57:19,45400,5046,59,40,5145,0.11332599118942731,11.332599118942731,11.114537444933921,0.1299559471365639,0.0881057268722467,13,<15s,1,0,14,,other sound,not verified,15,Thursday,afternoon (12-17),10.473113425925925
6885161134748404998,2020-10-19 03:02:24,105700,3329,36,12,3377,0.03194891201513718,3.194891201513718,3.1494796594134344,0.03405865657521287,0.011352885525070956,8,<15s,3,0,66,,original sound,not verified,3,Monday,night (0-5),63.01125
6899843622355750145,2020-11-27 16:37:14,128200,21400,180,138,21718,0.1694071762870515,16.940717628705148,16.692667706708267,0.14040561622464898,0.10764430577223089,13,<15s,4,0,141,,original sound,verified,16,Friday,afternoon (12-17),23.445393518518518
6875394675985992966,2020-09-22 19:23:26,196400,5858,81,10,5949,0.03029022403258656,3.029022403258656,2.9826883910386965,0.04124236252545825,0.0050916496945010185,7,<15s,11,1,121,,original sound,not verified,19,Tuesday,evening (18-23),89.32997685185185
6899727630472383746,2020-11-27 09:07:08,7037,507,23,0,530,0.0753161858746625,7.531618587466251,7.204774761972431,0.3268438254938184,0.0,54,30s+,1,0,48,,original sound,not verified,9,Friday,morning (6-11),23.757962962962964
6888453982440770821,2020-10-28 00:00:09,61200,7042,240,354,7636,0.12477124183006535,12.477124183006536,11.506535947712418,0.39215686274509803,0.5784313725490197,13,<15s,4,0,73,,original sound,not verified,0,Wednesday,night (0-5),54.1378125
6886917791429954817,2020-10-23 20:38:29,49300,10500,132,605,11237,0.22793103448275862,22.79310344827586,21.29817444219067,0.26774847870182555,1.2271805273833671,10,<15s,14,0,136,,original sound,not verified,20,Friday,evening (18-23),58.27785879629629
6885674156655021314,2020-10-20 12:12:28,1418,124,5,1,130,0.09167842031029619,9.167842031029618,8.744710860366714,0.3526093088857546,0.07052186177715092,10,<15s,6,0,82,,original sound,not verified,12,Tuesday,afternoon (12-17),61.62925925925926
6891793639643647238,2020-11-05 23:59:44,52100,5688,88,234,6010,0.11535508637236085,11.535508637236084,10.91746641074856,0.1689059500959693,0.4491362763915547,58,30s+,8,0,74,,original sound,not verified,23,Thursday,evening (18-23),45.13810185185185
6907213826681261314,2020-12-17 13:17:23,748900,74700,183,1666,76549,0.10221524903191348,10.221524903191348,9.974629456536253,0.024435839230871944,0.2224596074242222,14,<15s,3,0,33,,original sound,not verified,13,Thursday,afternoon (12-17),3.5841782407407408
6898350532415540482,2020-11-23 16:03:16,236000,5483,100,206,5789,0.02452966101694915,2.452966101694915,2.323305084745763,0.0423728813559322,0.08728813559322034,14,<15s,11,0,135,,original sound,not verified,16,Monday,afternoon (12-17),27.46898148148148
6897534534636604674,2020-11-21 11:16:47,51900,247,0,5,252,0.004855491329479769,0.4855491329479769,0.47591522157996147,0.0,0.009633911368015413,15,15-30s,5,0,69,,other sound,not verified,11,Saturday,morning (6-11),29.66792824074074
6888353150521134338,2020-10-27 17:28:19,87900,1795,78,18,1891,0.021513083048919225,2.1513083048919226,2.0420932878270763,0.08873720136518772,0.020477815699658702,21,15-30s,5,0,79,,original sound,not verified,17,Tuesday,afternoon (12-17),54.40991898148148
6877182502390353153,2020-09-27 15:00:31,419500,44200,416,257,44873,0.10696781883194278,10.696781883194278,10.536352800953516,0.09916567342073898,0.06126340882002384,11,<15s,0,1,47,,original sound,not verified,15,Sunday,afternoon (12-17),84.51255787037037
6899510560556158209,2020-11-26 19:04:46,28300,3564,71,18,3653,0.12908127208480566,12.908127208480566,12.593639575971732,0.2508833922261484,0.0636042402826855,10,<15s,1,3,96,,other sound,not verified,19,Thursday,evening (18-23),24.342939814814816
6897940245858258177,2020-11-22 13:31:09,80600,1176,35,6,1217,0.015099255583126551,1.5099255583126552,1.4590570719602978,0.043424317617866005,0.007444168734491315,15,15-30s,5,1,56,,other sound,not verified,13,Sunday,afternoon (12-17),28.574618055555554
6904344469747911942,2020-12-09 19:43:11,82300,12400,131,23,12554,0.15253948967193195,15.253948967193196,15.066828675577156,0.1591737545565006,0.027946537059538274,13,<15s,3,0,73,,original sound,not verified,19,Wednesday,evening (18-23),11.316261574074074
6880983457019809026,2020-10-07 20:50:09,6600000,114100,577,302,114979,0.017421060606060607,1.7421060606060608,1.7287878787878788,0.008742424242424243,0.004575757575757576,10,<15s,0,0,13,,original sound,not verified,20,Wednesday,evening (18-23),74.26975694444444
6887890425844141313,2020-10-26 11:32:43,120600,4449,201,29,4679,0.038797678275290216,3.8797678275290215,3.689054726368159,0.16666666666666666,0.02404643449419569,15,15-30s,9,0,138,,other sound,not verified,11,Monday,morning (6-11),55.65686342592593
6875453919879908614,2020-09-22 23:13:14,495800,23400,331,2960,26691,0.05383420734167003,5.383420734167003,4.719645018152481,0.06676079064138765,0.5970149253731343,15,15-30s,3,0,36,,original sound,not verified,23,Tuesday,evening (18-23),89.17039351851852
6896488817528753409,2020-11-18 15:38:52,49400,1933,28,5,1966,0.03979757085020243,3.9797570850202426,3.9129554655870447,0.05668016194331984,0.010121457489878543,53,30s+,0,0,0,,original sound,not verified,15,Wednesday,afternoon (12-17),32.485925925925926
6902015702576762113,2020-12-03 13:06:00,40200,4710,52,38,4800,0.11940298507462686,11.940298507462686,11.716417910447761,0.12935323383084577,0.0945273631840796,9,<15s,7,0,57,,original sound,not verified,13,Thursday,afternoon (12-17),17.592083333333335
6894047232274812165,2020-11-12 01:44:45,75900,20900,230,131,21261,0.2801185770750988,28.01185770750988,27.536231884057973,0.30303030303030304,0.1725955204216074,11,<15s,6,0,144,,original sound,not verified,1,Thursday,night (0-5),39.06517361111111
6876860979787959554,2020-09-26 18:12:50,865000,36500,315,15000,51815,0.05990173410404624,5.9901734104046245,4.219653179190751,0.03641618497109827,1.7341040462427746,13,<15s,6,0,48,,original sound,not verified,18,Saturday,evening (18-23),85.37900462962963
6895338661622123777,2020-11-15 13:15:40,92000,3697,37,41,3775,0.04103260869565217,4.103260869565217,4.018478260869565,0.04021739130434782,0.04456521739130435,17,15-30s,8,0,88,,original sound,not verified,13,Sunday,afternoon (12-17),35.58537037037037
6885766692627107077,2020-10-20 18:12:03,44600000,5200000,32000,31600,5263600,0.11801793721973095,11.801793721973095,11.659192825112108,0.07174887892376682,0.07085201793721974,12,<15s,0,0,44,,original sound,verified,18,Tuesday,evening (18-23),61.37954861111111
6889428056704961793,2020-10-30 14:59:30,45300,802,33,0,835,0.018432671081677704,1.8432671081677703,1.770419426048565,0.0728476821192053,0.0,10,<15s,1,0,6,,original sound,not verified,14,Friday,afternoon (12-17),51.513263888888886
6896522195581897989,2020-11-18 17:49:13,6200000,488200,2009,21000,511209,0.08245306451612903,8.245306451612903,7.874193548387097,0.032403225806451615,0.3387096774193548,15,15-30s,3,1,53,,other sound,not verified,17,Wednesday,afternoon (12-17),32.39540509259259
6905816780938235138,2020-12-13 18:56:08,297500,12700,980,142,13822,0.04646050420168067,4.646050420168067,4.26890756302521,0.32941176470588235,0.04773109243697479,10,<15s,11,0,148,,other sound,not verified,18,Sunday,evening (18-23),7.348935185185185
6898757137154051330,2020-11-24 18:21:07,40500,1657,143,45,1845,0.04555555555555556,4.555555555555555,4.091358024691358,0.3530864197530864,0.1111111111111111,58,30s+,15,0,146,,other sound,not verified,18,Tuesday,evening (18-23),26.373252314814813
6899845326161595649,2020-11-27 16:43:50,69400,4775,265,80,5120,0.07377521613832853,7.377521613832854,6.880403458213256,0.3818443804034582,0.11527377521613832,31,30s+,12,0,145,,original sound,not verified,16,Friday,afternoon (12-17),23.440810185185185
6906969301446593793,2020-12-16 21:28:32,607700,179100,394,1013,180507,0.29703307553068947,29.703307553068946,29.471778838242553,0.06483462234655257,0.16669409247984202,52,30s+,3,1,47,,original sound,not verified,21,Wednesday,evening (18-23),4.2431018518518515
6903585019017645314,2020-12-07 18:35:45,81000,5606,30,425,6061,0.07482716049382716,7.4827160493827165,6.920987654320988,0.037037037037037035,0.5246913580246914,9,<15s,0,0,54,,original sound,not verified,18,Monday,evening (18-23),13.363090277777777
6907635850985704709,2020-12-18 16:35:27,123500,6217,228,120,6565,0.053157894736842105,5.315789473684211,5.034008097165992,0.18461538461538463,0.09716599190283401,33,30s+,4,0,37,,other sound,not verified,16,Friday,afternoon (12-17),2.4466319444444444
6908110392422092033,2020-12-19 23:16:34,346900,21600,73,711,22384,0.0645257999423465,6.45257999423465,6.226578264629576,0.021043528394349958,0.20495820121072356,8,<15s,10,0,113,,original sound,not verified,23,Saturday,evening (18-23),1.1680787037037037
6876787355181665537,2020-09-26 13:27:08,558900,20600,87,240,20927,0.03744319198425479,3.744319198425479,3.685811415280014,0.015566290928609769,0.04294149221685454,37,30s+,4,0,66,,original sound,not verified,13,Saturday,afternoon (12-17),85.5774074074074
6902420063882628357,2020-12-04 15:16:22,3500000,692300,10700,48200,751200,0.21462857142857142,21.462857142857143,19.78,0.3057142857142857,1.3771428571428572,59,30s+,15,1,149,,original sound,not verified,15,Friday,afternoon (12-17),16.501550925925926
6893676462788840709,2020-11-11 01:45:59,137200,8082,568,354,9004,0.0656268221574344,6.56268221574344,5.89067055393586,0.4139941690962099,0.25801749271137026,59,30s+,2,0,70,,original sound,not verified,1,Wednesday,night (0-5),40.06431712962963
6882870430625975557,2020-10-12 22:53:07,197700,25800,217,23,26040,0.13171471927162368,13.171471927162367,13.050075872534142,0.10976226605968639,0.01163378856853819,12,<15s,10,1,141,,other sound,not verified,22,Monday,evening (18-23),69.18436342592592
6900344945777872133,2020-11-29 01:03:05,65200,988,14,45,1047,0.01605828220858896,1.6058282208588959,1.5153374233128833,0.02147239263803681,0.06901840490797546,15,15-30s,3,0,30,,original sound,not verified,1,Sunday,night (0-5),22.094108796296297
6888010128486845698,2020-10-26 19:17:14,13700,1236,0,4,1240,0.0905109489051095,9.05109489051095,9.021897810218977,0.0,0.029197080291970802,12,<15s,8,0,137,,original sound,not verified,19,Monday,evening (18-23),55.33428240740741
6905763253192789253,2020-12-13 15:28:52,396700,2243,36,42,2321,0.005850768842954374,0.5850768842954374,0.5654146710360474,0.009074867658179985,0.010587345601209983,9,<15s,12,0,148,,other sound,not verified,15,Sunday,afternoon (12-17),7.492870370370371
6888373722546294022,2020-10-27 18:48:53,151900,24200,428,294,24922,0.16406846609611586,16.406846609611588,15.931533903884134,0.2817643186306781,0.1935483870967742,9,<15s,4,1,103,,other sound,not verified,18,Tuesday,evening (18-23),54.35396990740741
6901122865928670466,2020-12-01 03:21:22,346600,34300,183,168,34651,0.09997403346797461,9.99740334679746,9.896133871898442,0.05279861511829198,0.048470859780727064,17,15-30s,7,0,77,,original sound,not verified,3,Tuesday,night (0-5),19.998078703703705
6897348095844027649,2020-11-20 23:13:19,888300,109700,813,3746,114259,0.12862659011595182,12.862659011595182,12.349431498367668,0.09152313407632556,0.42170437915118764,21,15-30s,10,2,150,,original sound,not verified,23,Friday,evening (18-23),30.170335648148146
6898706823541542146,2020-11-24 15:05:52,51500,4625,131,18,4774,0.0926990291262136,9.26990291262136,8.980582524271844,0.2543689320388349,0.03495145631067961,15,15-30s,5,1,136,,original sound,not verified,15,Tuesday,afternoon (12-17),26.508842592592593
6884749597864987905,2020-10-18 00:24:43,143000,30500,444,697,31641,0.22126573426573426,22.126573426573426,21.32867132867133,0.3104895104895105,0.4874125874125874,8,<15s,6,0,101,,original sound,not verified,0,Sunday,night (0-5),64.12075231481481
6888423046529518853,2020-10-27 22:00:09,56800,3810,706,305,4821,0.08487676056338028,8.487676056338028,6.707746478873239,1.2429577464788732,0.5369718309859155,59,30s+,2,1,126,,other sound,not verified,22,Tuesday,evening (18-23),54.22114583333333
6888031153173892353,2020-10-26 20:38:50,1100000,330000,3767,3712,337479,0.3067990909090909,30.679909090909092,30.0,0.34245454545454546,0.33745454545454545,11,<15s,9,0,134,,original sound,not verified,20,Monday,evening (18-23),55.27761574074074
6906136469144964357,2020-12-14 15:37:10,183900,7657,515,88,8260,0.04491571506253399,4.491571506253399,4.163675910821098,0.28004350190320826,0.0478520935290919,8,<15s,3,1,80,,original sound,not verified,15,Monday,afternoon (12-17),6.487106481481481
6876262384093236485,2020-09-25 03:30:53,86100,4271,17,389,4677,0.054320557491289195,5.43205574912892,4.960511033681765,0.019744483159117306,0.4518002322880372,8,<15s,6,0,137,,other sound,not verified,3,Friday,night (0-5),86.9914699074074
6877458289978821889,2020-09-28 08:50:44,7400000,607600,7523,29200,644323,0.08707067567567568,8.707067567567568,8.21081081081081,0.10166216216216216,0.3945945945945946,15,15-30s,3,0,79,,original sound,verified,8,Monday,morning (6-11),83.76935185185185
6904739327385799942,2020-12-10 21:15:19,52300,5057,155,388,5600,0.10707456978967496,10.707456978967496,9.669216061185468,0.29636711281070743,0.7418738049713193,13,<15s,1,0,18,,original sound,not verified,21,Thursday,evening (18-23),10.252280092592592
6906559972839034117,2020-12-15 19:00:25,57000,9902,151,100,10153,0.17812280701754385,17.812280701754386,17.371929824561402,0.2649122807017544,0.17543859649122806,7,<15s,5,0,75,,original sound,not verified,19,Tuesday,evening (18-23),5.345960648148148
6883532351960288518,2020-10-14 17:41:57,74400,4911,29,38,4978,0.06690860215053764,6.690860215053764,6.600806451612903,0.038978494623655914,0.051075268817204304,12,<15s,5,1,146,,original sound,not verified,17,Wednesday,afternoon (12-17),67.40045138888888
6907464609116982529,2020-12-18 05:30:34,439700,25200,984,194,26378,0.059990902888332955,5.999090288833296,5.731180350238799,0.22378894700932453,0.04412099158517171,15,15-30s,11,0,89,,original sound,not verified,5,Friday,night (0-5),2.9083564814814813
6904294597862755585,2020-12-09 16:29:17,358500,4075,22,9,4106,0.011453277545327755,1.1453277545327756,1.1366806136680614,0.006136680613668061,0.002510460251046025,30,30s+,7,0,69,,other sound,not verified,16,Wednesday,afternoon (12-17),11.450914351851852
6896976403208604934,2020-11-19 23:11:29,306300,14400,77,99,14576,0.047587332680378715,4.758733268037871,4.701273261508325,0.02513875285667646,0.03232125367286973,8,<15s,6,0,139,,other sound,not verified,23,Thursday,evening (18-23),31.171608796296297
6897916296025885954,2020-11-22 11:58:12,263400,22400,200,341,22941,0.08709567198177677,8.709567198177677,8.5041761579347,0.07593014426727411,0.12946089597570234,11,<15s,5,0,72,,original sound,not verified,11,Sunday,morning (6-11),28.639166666666668
6906139639753559298,2020-12-14 15:48:59,95400,2883,73,250,3206,0.03360587002096436,3.3605870020964357,3.0220125786163523,0.07651991614255765,0.2620545073375262,30,30s+,10,0,94,,other sound,not verified,15,Monday,afternoon (12-17),6.478900462962963
6892654388314164482,2020-11-08 07:39:20,41600,3903,65,3,3971,0.09545673076923077,9.545673076923077,9.382211538461538,0.15625,0.007211538461538462,15,15-30s,0,0,0,,original sound,not verified,7,Sunday,morning (6-11),42.81893518518518
6905763366166367489,2020-12-13 15:28:51,146000,7748,215,35,7998,0.05478082191780822,5.478082191780822,5.306849315068493,0.14726027397260275,0.023972602739726026,15,15-30s,0,0,26,,original sound,not verified,15,Sunday,afternoon (12-17),7.492881944444444
6906776161221758210,2020-12-16 08:59:02,1000000,113500,415,1175,115090,0.11509,11.509,11.35,0.0415,0.1175,29,15-30s,3,1,86,,original sound,verified,8,Wednesday,morning (6-11),4.763587962962963
6884902907439779074,2020-10-18 10:19:38,122000,11100,191,167,11458,0.09391803278688525,9.391803278688524,9.098360655737705,0.15655737704918032,0.13688524590163934,15,15-30s,3,1,127,,original sound,not verified,10,Sunday,morning (6-11),63.70761574074074
6898598426590678273,2020-11-24 08:05:15,52400,3376,13,9,3398,0.0648473282442748,6.48473282442748,6.442748091603053,0.02480916030534351,0.01717557251908397,10,<15s,7,2,147,,original sound,not verified,8,Tuesday,morning (6-11),26.8009375
6887590237191572738,2020-10-25 16:07:49,423900,41200,790,473,42463,0.1001722104269875,10.01722104269875,9.719273413540929,0.1863647086577023,0.11158292050011795,21,15-30s,2,0,55,,other sound,not verified,16,Sunday,afternoon (12-17),56.465821759259256
6896520019082005761,2020-11-18 17:39:57,27400,6013,102,57,6172,0.22525547445255475,22.525547445255476,21.945255474452555,0.3722627737226277,0.20802919708029197,10,<15s,3,0,25,,other sound,not verified,17,Wednesday,afternoon (12-17),32.40184027777778
6906822328580181250,2020-12-16 11:58:10,50600,4436,98,37,4571,0.09033596837944664,9.033596837944664,8.766798418972332,0.19367588932806323,0.07312252964426877,9,<15s,4,0,76,,original sound,not verified,11,Wednesday,morning (6-11),4.639189814814815
6886119631011007745,2020-10-21 17:01:07,295700,73300,772,747,74819,0.25302333446060193,25.302333446060192,24.78863713222861,0.26107541427122083,0.2526208995603652,9,<15s,16,0,146,,original sound,not verified,17,Wednesday,afternoon (12-17),60.42880787037037
6879933206460648706,2020-10-05 00:54:41,66900,10300,532,173,11005,0.16449925261584455,16.449925261584454,15.39611360239163,0.7952167414050823,0.2585949177877429,9,<15s,7,1,127,,original sound,not verified,0,Monday,night (0-5),77.09994212962962
6908295874653342978,2020-12-20 11:16:17,261000,25200,569,973,26742,0.10245977011494253,10.245977011494253,9.655172413793103,0.21800766283524906,0.3727969348659004,15,15-30s,2,0,46,,original sound,not verified,11,Sunday,morning (6-11),0.6682754629629629
6908179105494174982,2020-12-20 03:43:27,55300,24700,640,1133,26473,0.4787160940325497,47.87160940325497,44.66546112115732,1.1573236889692586,2.0488245931283906,34,30s+,6,0,85,,original sound,not verified,3,Sunday,night (0-5),0.9827430555555555
6892150387453725953,2020-11-06 23:03:34,199900,24500,231,454,25185,0.1259879939969985,12.59879939969985,12.256128064032016,0.11555777888944473,0.2271135567783892,14,<15s,2,0,58,,other sound,not verified,23,Friday,evening (18-23),44.17710648148148
6899497158769200385,2020-11-26 18:12:50,35200,1051,218,25,1294,0.036761363636363634,3.6761363636363633,2.9857954545454546,0.6193181818181818,0.07102272727272728,6,<15s,6,0,61,,original sound,not verified,18,Thursday,evening (18-23),24.37900462962963
6904496575930731778,2020-12-10 05:33:05,154100,16100,318,16,16434,0.10664503569110967,10.664503569110966,10.447761194029852,0.2063595068137573,0.010382868267358857,15,15-30s,0,0,0,,other sound,not verified,5,Thursday,night (0-5),10.906608796296297
6897593866283650306,2020-11-21 15:07:01,215500,22400,195,49,22644,0.10507656612529002,10.507656612529003,10.394431554524362,0.09048723897911833,0.022737819025522042,9,<15s,2,0,123,,original sound,verified,15,Saturday,afternoon (12-17),29.50804398148148
6893496095779933442,2020-11-10 14:05:35,1100000,90600,1472,5724,97796,0.08890545454545455,8.890545454545455,8.236363636363636,0.1338181818181818,0.5203636363636364,15,15-30s,8,0,116,,original sound,not verified,14,Tuesday,afternoon (12-17),40.55070601851852
6887618500307864833,2020-10-25 17:57:30,126000,33000,226,115,33341,0.26461111111111113,26.461111111111112,26.19047619047619,0.17936507936507937,0.09126984126984126,13,<15s,5,0,72,,original sound,not verified,17,Sunday,afternoon (12-17),56.389652777777776
6888741138941955330,2020-10-28 18:33:55,47400,2137,216,115,2468,0.0520675105485232,5.206751054852321,4.508438818565401,0.45569620253164556,0.24261603375527427,10,<15s,3,0,19,,original sound,not verified,18,Wednesday,evening (18-23),53.36436342592592
6889092649895087362,2020-10-29 17:17:58,83100,13200,58,120,13378,0.1609867629362214,16.09867629362214,15.884476534296029,0.06979542719614922,0.1444043321299639,6,<15s,6,0,55,,original sound,not verified,17,Thursday,afternoon (12-17),52.41710648148148
6901832410091064582,2020-12-03 01:15:15,80500,9048,52,180,9280,0.11527950310559006,11.527950310559005,11.239751552795031,0.06459627329192547,0.2236024844720497,6,<15s,12,1,139,,original sound,not verified,1,Thursday,night (0-5),18.08565972222222
6905034791188434177,2020-12-11 16:21:37,81000,6447,147,719,7313,0.09028395061728395,9.028395061728395,7.95925925925926,0.1814814814814815,0.8876543209876543,50,30s+,15,0,150,,original sound,not verified,16,Friday,afternoon (12-17),9.456238425925926
6877816601308073218,2020-09-29 08:01:09,251700,17400,66,43,17509,0.06956297179181566,6.956297179181566,6.912991656734207,0.026221692491060787,0.01708382995629718,25,15-30s,9,1,117,,original sound,not verified,8,Tuesday,morning (6-11),82.80378472222222
6878231837710372098,2020-09-30 10:52:27,29200,3450,14,3,3467,0.11873287671232877,11.873287671232877,11.815068493150685,0.04794520547945205,0.010273972602739725,10,<15s,0,0,13,,original sound,not verified,10,Wednesday,morning (6-11),81.6848263888889
6899978363759267073,2020-11-28 01:20:07,86900,6289,66,23,6378,0.07339470655926351,7.339470655926352,7.237054085155351,0.0759493670886076,0.026467203682393557,10,<15s,7,0,54,,original sound,not verified,1,Saturday,night (0-5),23.082280092592594
6907101598074391810,2020-12-17 06:01:54,41700,4778,209,20,5007,0.12007194244604316,12.007194244604316,11.458033573141487,0.5011990407673861,0.047961630695443645,16,15-30s,0,1,20,,original sound,not verified,6,Thursday,morning (6-11),3.886597222222222
6906244949176569093,2020-12-14 22:37:54,82200,5415,269,10,5694,0.06927007299270073,6.927007299270073,6.587591240875913,0.32725060827250607,0.012165450121654502,12,<15s,11,0,128,,original sound,not verified,22,Monday,evening (18-23),6.194930555555556
6884703655182880002,2020-10-17 21:26:26,339100,71800,1179,1179,74158,0.2186906517251548,21.86906517251548,21.173695075199056,0.3476850486582129,0.3476850486582129,12,<15s,8,0,145,,original sound,not verified,21,Saturday,evening (18-23),64.24456018518518
6907108578482457861,2020-12-17 06:29:51,60700,15000,689,763,16452,0.2710378912685338,27.10378912685338,24.71169686985173,1.1350906095551894,1.257001647446458,53,30s+,9,0,139,,original sound,not verified,6,Thursday,morning (6-11),3.8671875
6878457763668823298,2020-10-01 01:29:11,28600,1415,46,9,1470,0.0513986013986014,5.13986013986014,4.9475524475524475,0.16083916083916083,0.03146853146853147,31,30s+,8,0,104,,original sound,not verified,1,Thursday,night (0-5),81.0759837962963
6876674985746795778,2020-09-26 06:11:06,26100,2485,23,43,2551,0.09773946360153257,9.773946360153257,9.521072796934867,0.08812260536398467,0.16475095785440613,26,15-30s,0,0,8,,original sound,not verified,6,Saturday,morning (6-11),85.88020833333333
6875872124968439046,2020-09-24 02:16:18,66100,3932,71,13,4016,0.06075642965204236,6.075642965204236,5.94856278366112,0.10741301059001512,0.019667170953101363,46,30s+,10,1,120,,original sound,not verified,2,Thursday,night (0-5),88.04326388888889
6901420903322635525,2020-12-01 22:38:22,65500,5804,721,26,6551,0.10001526717557252,10.001526717557251,8.861068702290076,1.1007633587786259,0.03969465648854962,42,30s+,6,1,115,,other sound,not verified,22,Tuesday,evening (18-23),19.194606481481483
6904429617021570306,2020-12-10 01:13:15,75100,14000,159,111,14270,0.1900133155792277,19.00133155792277,18.641810918774965,0.21171770972037285,0.1478029294274301,18,15-30s,9,0,143,,original sound,not verified,1,Thursday,night (0-5),11.087048611111111
6889856262431837441,2020-10-31 18:41:10,19300,6643,138,178,6959,0.3605699481865285,36.056994818652846,34.41968911917098,0.7150259067357513,0.9222797927461139,14,<15s,11,0,143,,original sound,not verified,18,Saturday,evening (18-23),50.3593287037037
6878254482698816770,2020-09-30 12:20:20,22200,1055,4,7,1066,0.04801801801801802,4.801801801801802,4.752252252252252,0.018018018018018018,0.03153153153153153,19,15-30s,2,0,41,,original sound,not verified,12,Wednesday,afternoon (12-17),81.62379629629629
6897013361804938497,2020-11-20 01:34:24,1300000,102300,329,2086,104715,0.08055,8.055,7.869230769230769,0.02530769230769231,0.16046153846153846,5,<15s,3,0,23,,original sound,not verified,1,Friday,night (0-5),31.07236111111111
6890954152281918721,2020-11-03 17:41:33,140500,19900,220,833,20953,0.14913167259786478,14.913167259786478,14.163701067615659,0.15658362989323843,0.5928825622775801,59,30s+,12,0,144,,original sound,not verified,17,Tuesday,afternoon (12-17),47.400729166666665
6885248860281654529,2020-10-19 08:42:07,65200,5186,20,5,5211,0.07992331288343558,7.992331288343559,7.95398773006135,0.03067484662576687,0.007668711656441718,17,15-30s,4,1,66,,original sound,not verified,8,Monday,morning (6-11),62.77533564814815
6890352437425638658,2020-11-02 02:46:36,71000,13100,110,190,13400,0.18873239436619718,18.87323943661972,18.450704225352112,0.15492957746478872,0.2676056338028169,28,15-30s,7,0,101,,other sound,not verified,2,Monday,night (0-5),49.022222222222226
6904653648349957377,2020-12-10 15:42:35,10600,250,1,1,252,0.023773584905660377,2.3773584905660377,2.358490566037736,0.009433962264150943,0.009433962264150943,20,15-30s,9,0,97,,other sound,not verified,15,Thursday,afternoon (12-17),10.483344907407407
6877726677334510849,2020-09-29 02:12:17,51200,3504,122,131,3757,0.07337890625,7.337890625,6.84375,0.23828125,0.255859375,51,30s+,9,0,118,,other sound,not verified,2,Tuesday,night (0-5),83.04605324074075
6903134814715661570,2020-12-06 13:28:44,139500,11200,370,447,12017,0.08614336917562725,8.614336917562724,8.028673835125447,0.26523297491039427,0.3204301075268817,16,15-30s,6,0,84,,other sound,not verified,13,Sunday,afternoon (12-17),14.576296296296297
6906757897628192005,2020-12-16 07:49:53,4200000,360100,1225,4682,366007,0.08714452380952381,8.71445238095238,8.573809523809524,0.029166666666666667,0.11147619047619048,8,<15s,1,0,27,,original sound,not verified,7,Wednesday,morning (6-11),4.811608796296296
6875651291343883522,2020-09-23 11:58:39,2600000,104300,734,619,105653,0.04063576923076923,4.063576923076924,4.0115384615384615,0.02823076923076923,0.023807692307692307,16,15-30s,7,0,88,,other sound,not verified,11,Wednesday,morning (6-11),88.63885416666666
6900197975818095873,2020-11-28 15:32:18,52700,6270,226,75,6571,0.12468690702087286,12.468690702087287,11.89753320683112,0.428842504743833,0.14231499051233396,21,15-30s,6,0,103,,original sound,not verified,15,Saturday,afternoon (12-17),22.49048611111111
6880196605513927938,2020-10-05 17:56:46,25100000,2500000,12000,26000,2538000,0.10111553784860558,10.111553784860558,9.9601593625498,0.04780876494023904,0.10358565737051793,40,30s+,12,0,129,,original sound,verified,17,Monday,afternoon (12-17),76.39016203703704
6880122437594270978,2020-10-05 13:08:57,1200000,102500,1243,1634,105377,0.08781416666666667,8.781416666666667,8.541666666666666,0.10358333333333333,0.13616666666666666,54,30s+,6,1,108,,other sound,not verified,13,Monday,afternoon (12-17),76.59003472222223
6906048081628859650,2020-12-14 09:53:42,31900,712,4,11,727,0.02278996865203762,2.2789968652037618,2.231974921630094,0.012539184952978056,0.034482758620689655,7,<15s,5,0,50,,original sound,not verified,9,Monday,morning (6-11),6.725625
6897549344015371521,2020-11-21 12:14:15,9282,1222,25,7,1254,0.13510019392372333,13.510019392372334,13.165266106442576,0.26933850463262227,0.07541478129713423,10,<15s,9,0,105,,other sound,not verified,12,Saturday,afternoon (12-17),29.628020833333334
6892133738705177857,2020-11-06 21:58:58,50500,1689,46,11,1746,0.03457425742574258,3.457425742574258,3.3445544554455444,0.09108910891089109,0.02178217821782178,15,15-30s,2,1,84,,original sound,not verified,21,Friday,evening (18-23),44.22196759259259
6882317577692138754,2020-10-11 11:07:13,24000,3380,103,55,3538,0.14741666666666667,14.741666666666667,14.083333333333334,0.42916666666666664,0.22916666666666666,25,15-30s,10,0,113,,other sound,not verified,11,Sunday,morning (6-11),70.67457175925927
6898628429298568450,2020-11-24 10:01:39,67800,2488,39,217,2744,0.04047197640117994,4.047197640117995,3.669616519174041,0.05752212389380531,0.3200589970501475,15,15-30s,2,0,23,,original sound,not verified,10,Tuesday,morning (6-11),26.720104166666665
6902451462962547969,2020-12-04 17:16:59,27700,678,329,39,1046,0.03776173285198556,3.776173285198556,2.4476534296028882,1.187725631768953,0.1407942238267148,42,30s+,4,0,89,,original sound,not verified,17,Friday,afternoon (12-17),16.41778935185185
6905109455466220805,2020-12-11 21:11:37,76500,6063,838,89,6990,0.09137254901960784,9.137254901960784,7.925490196078432,1.0954248366013073,0.11633986928104575,17,15-30s,16,0,142,,original sound,not verified,21,Friday,evening (18-23),9.254849537037037
6891275439826930946,2020-11-04 14:28:18,493900,62200,3735,352,66287,0.13421137882162382,13.421137882162382,12.593642437740433,0.7562259566713909,0.07126948775055679,30,30s+,8,0,101,,original sound,not verified,14,Wednesday,afternoon (12-17),46.534930555555555
6886066384246443265,2020-10-21 13:34:31,50500,810,8,9,827,0.016376237623762377,1.6376237623762377,1.603960396039604,0.015841584158415842,0.01782178217821782,15,15-30s,1,1,26,,original sound,not verified,13,Wednesday,afternoon (12-17),60.57228009259259
6890329452253908230,2020-11-02 01:17:52,3500000,116400,713,9077,126190,0.03605428571428571,3.6054285714285714,3.3257142857142856,0.02037142857142857,0.25934285714285715,20,15-30s,0,0,22,,other sound,not verified,1,Monday,night (0-5),49.083842592592596
6893087415263644930,2020-11-09 11:39:42,35800,6103,438,52,6593,0.18416201117318437,18.416201117318437,17.047486033519554,1.223463687150838,0.1452513966480447,8,<15s,10,0,133,,original sound,not verified,11,Monday,morning (6-11),41.65201388888889
6905053286374706433,2020-12-11 17:33:23,64800,2079,101,43,2223,0.034305555555555554,3.4305555555555554,3.2083333333333335,0.1558641975308642,0.06635802469135803,10,<15s,4,0,36,,original sound,not verified,17,Friday,afternoon (12-17),9.406400462962964
6903954146630569217,2020-12-08 18:28:10,107600,5047,61,44,5152,0.04788104089219331,4.788104089219331,4.690520446096654,0.056691449814126396,0.040892193308550186,9,<15s,3,0,41,,other sound,not verified,18,Tuesday,evening (18-23),12.36835648148148
6880592183720676614,2020-10-06 19:32:20,54900,8146,100,13,8259,0.15043715846994535,15.043715846994536,14.837887067395265,0.18214936247723132,0.023679417122040074,15,15-30s,0,0,77,,original sound,not verified,19,Tuesday,evening (18-23),75.3237962962963
6903908757386841346,2020-12-08 15:32:01,32000,3725,26,13,3764,0.117625,11.7625,11.640625,0.08125,0.040625,8,<15s,10,0,130,,original sound,not verified,15,Tuesday,afternoon (12-17),12.490682870370371
6875378565614013697,2020-09-22 18:20:21,179000,6127,111,125,6363,0.03554748603351955,3.554748603351955,3.422905027932961,0.06201117318435754,0.06983240223463687,7,<15s,5,0,147,,other sound,not verified,18,Tuesday,evening (18-23),89.37378472222223
6885153736222706949,2020-10-19 02:33:40,148300,11100,145,59,11304,0.07622387053270398,7.622387053270398,7.484828051247471,0.09777478084962914,0.03978422117329737,7,<15s,5,0,49,,original sound,not verified,2,Monday,night (0-5),63.0312037037037
6876805952117558529,2020-09-26 14:39:18,119000,17100,241,370,17711,0.14883193277310924,14.883193277310925,14.369747899159664,0.20252100840336135,0.31092436974789917,58,30s+,5,0,114,,original sound,not verified,14,Saturday,afternoon (12-17),85.52729166666667
6904973629524692230,2020-12-11 12:25:32,427300,46500,124,2044,48668,0.1138965597940557,11.389655979405571,10.882284109524925,0.029019424292066463,0.4783524455885795,58,30s+,4,0,40,,original sound,not verified,12,Friday,afternoon (12-17),9.620185185185186
6902038249573731586,2020-12-03 14:33:30,67200,7575,93,84,7752,0.11535714285714285,11.535714285714285,11.272321428571429,0.13839285714285715,0.125,13,<15s,2,0,33,,original sound,not verified,14,Thursday,afternoon (12-17),17.531319444444446
6879724138114665730,2020-10-04 11:23:21,98700,7996,29,5,8030,0.08135764944275582,8.135764944275582,8.101317122593718,0.029381965552178316,0.005065856129685917,31,30s+,0,1,93,,other sound,not verified,11,Sunday,morning (6-11),77.66336805555555
6903923265945849089,2020-12-08 16:28:20,382100,41500,368,86,41954,0.10979848207275582,10.979848207275582,10.861031143679664,0.09630986652708715,0.02250719706883015,10,<15s,0,0,0,,original sound,not verified,16,Tuesday,afternoon (12-17),12.451574074074074
6886654544126758146,2020-10-23 03:36:54,14000,2171,12,2,2185,0.15607142857142858,15.607142857142858,15.507142857142858,0.08571428571428572,0.014285714285714285,22,15-30s,0,0,9,,original sound,not verified,3,Friday,night (0-5),58.987291666666664
6879936527829404933,2020-10-05 01:08:02,61900,8971,271,67,9309,0.15038772213247173,15.038772213247173,14.492730210016155,0.4378029079159935,0.10823909531502424,57,30s+,11,1,138,,original sound,not verified,1,Monday,night (0-5),77.09067129629629
6904405263386758402,2020-12-09 23:38:45,8916,428,4,0,432,0.04845222072678331,4.8452220726783315,4.800358905338717,0.04486316733961418,0.0,12,<15s,0,0,0,,original sound,not verified,23,Wednesday,evening (18-23),11.152673611111112
6875621663564680450,2020-09-23 10:03:40,201400,30400,60,32,30492,0.1514001986097319,15.140019860973188,15.09433962264151,0.029791459781529295,0.015888778550148957,9,<15s,5,0,110,,other sound,not verified,10,Wednesday,morning (6-11),88.71870370370371
6898499724245093633,2020-11-24 01:42:15,31700,498,329,8,835,0.02634069400630915,2.634069400630915,1.5709779179810726,1.0378548895899053,0.025236593059936908,7,<15s,4,0,135,,other sound,not verified,1,Tuesday,night (0-5),27.06690972222222
6904638377530772741,2020-12-10 14:43:50,791000,103000,0,607,103607,0.13098230088495574,13.098230088495574,13.02149178255373,0.0,0.07673830594184576,13,<15s,1,0,14,,original sound,not verified,14,Thursday,afternoon (12-17),10.52414351851852
6898332186299337986,2020-11-23 14:52:05,6703,2231,18,2,2251,0.3358197821870804,33.581978218708045,33.283604356258394,0.26853647620468446,0.02983738624496494,12,<15s,6,0,106,,original sound,not verified,14,Monday,afternoon (12-17),27.518414351851852
6876643374548438274,2020-09-26 04:08:26,19400,2408,148,87,2643,0.13623711340206185,13.623711340206185,12.412371134020619,0.7628865979381443,0.4484536082474227,35,30s+,8,0,101,,original sound,not verified,4,Saturday,night (0-5),85.96539351851852
6886459209051852038,2020-10-22 15:00:17,95000,4937,25,410,5372,0.05654736842105263,5.6547368421052635,5.1968421052631575,0.02631578947368421,0.43157894736842106,15,15-30s,5,0,46,,other sound,not verified,15,Thursday,afternoon (12-17),59.51271990740741
6902938842874121474,2020-12-06 00:48:17,143700,13500,564,49,14113,0.0982115518441197,9.82115518441197,9.394572025052192,0.3924843423799583,0.03409881697981907,8,<15s,6,1,66,,original sound,not verified,0,Sunday,night (0-5),15.104386574074073
6881414725075242246,2020-10-09 00:44:09,52300,4286,67,9,4362,0.08340344168260039,8.340344168260039,8.195028680688337,0.12810707456978968,0.017208413001912046,8,<15s,6,0,106,,other sound,not verified,0,Friday,night (0-5),73.10725694444444
6898056960432704770,2020-11-22 21:04:04,95900,12800,289,368,13457,0.14032325338894683,14.032325338894683,13.347236704900938,0.3013555787278415,0.38373305526590196,13,<15s,1,0,14,,original sound,not verified,21,Sunday,evening (18-23),28.260092592592592
6884030480736324869,2020-10-16 01:54:45,163400,15800,233,172,16205,0.09917380660954712,9.917380660954713,9.66952264381885,0.14259485924112608,0.10526315789473684,59,30s+,10,0,125,,original sound,not verified,1,Friday,night (0-5),66.05822916666666
6898178733824281861,2020-11-23 04:57:13,176500,15400,26,5,15431,0.08742776203966006,8.742776203966006,8.725212464589235,0.014730878186968839,0.0028328611898017,5,<15s,4,1,64,,original sound,not verified,4,Monday,night (0-5),27.931516203703705
6890351133366209793,2020-11-02 02:41:33,43900,1386,75,68,1529,0.03482915717539863,3.4829157175398633,3.1571753986332576,0.17084282460136674,0.1548974943052392,13,<15s,1,0,14,,other sound,not verified,2,Monday,night (0-5),49.025729166666665
6884031629522717953,2020-10-16 01:58:38,29200,1707,39,53,1799,0.06160958904109589,6.160958904109589,5.845890410958904,0.13356164383561644,0.1815068493150685,34,30s+,9,0,127,,original sound,not verified,1,Friday,night (0-5),66.05553240740741
6895916039683525890,2020-11-17 02:36:13,40800,2036,16,20,2072,0.05078431372549019,5.078431372549019,4.990196078431373,0.0392156862745098,0.049019607843137254,27,15-30s,9,1,141,,other sound,not verified,2,Tuesday,night (0-5),34.02943287037037
6882850172854979845,2020-10-12 21:34:32,65200,7076,117,69,7262,0.11138036809815952,11.13803680981595,10.85276073619632,0.1794478527607362,0.1058282208588957,7,<15s,14,1,146,,other sound,not verified,21,Monday,evening (18-23),69.23893518518518
6878165800902085890,2020-09-30 06:36:14,4100,288,16,9,313,0.07634146341463414,7.634146341463414,7.024390243902439,0.3902439024390244,0.21951219512195122,15,15-30s,9,3,143,,original sound,not verified,6,Wednesday,morning (6-11),81.86275462962963
6882419822806699266,2020-10-11 17:43:59,90300,26900,478,112,27490,0.3044296788482835,30.44296788482835,29.789590254706535,0.5293466223698782,0.12403100775193798,23,15-30s,10,0,144,,original sound,not verified,17,Sunday,afternoon (12-17),70.39903935185185
6901276149175815426,2020-12-01 13:16:10,94300,2322,45,84,2451,0.0259915164369035,2.59915164369035,2.462354188759279,0.04772004241781548,0.08907741251325557,9,<15s,4,0,50,,original sound,not verified,13,Tuesday,afternoon (12-17),19.58502314814815
6893247155738299650,2020-11-09 21:59:35,201300,13800,85,302,14187,0.0704769001490313,7.04769001490313,6.855439642324888,0.04222553402881272,0.15002483854942872,14,<15s,9,0,109,,other sound,not verified,21,Monday,evening (18-23),41.22153935185185
6889769258981575938,2020-10-31 13:03:33,41900,3230,114,46,3390,0.08090692124105012,8.090692124105011,7.708830548926015,0.2720763723150358,0.10978520286396182,20,15-30s,5,0,38,,other sound,not verified,13,Saturday,afternoon (12-17),50.593784722222225
6904227603067047170,2020-12-09 12:09:18,99700,2008,678,14,2700,0.02708124373119358,2.708124373119358,2.0140421263791373,0.6800401203610833,0.014042126379137413,14,<15s,18,1,146,,other sound,not verified,12,Wednesday,afternoon (12-17),11.631458333333333
6881909763723037954,2020-10-10 08:44:41,384900,16800,121,226,17147,0.0445492335671603,4.45492335671603,4.36477007014809,0.03143673681475708,0.05871654975318265,8,<15s,11,0,147,,other sound,not verified,8,Saturday,morning (6-11),71.77355324074074
6901787858395286786,2020-12-02 22:21:53,224000,21600,376,516,22492,0.10041071428571428,10.041071428571428,9.642857142857142,0.16785714285714284,0.23035714285714284,10,<15s,2,0,15,,other sound,not verified,22,Wednesday,evening (18-23),18.20605324074074
6895156886409137410,2020-11-15 01:30:25,88900,2083,19,2,2104,0.023667041619797526,2.3667041619797526,2.343082114735658,0.021372328458942633,0.0022497187851518562,7,<15s,3,1,85,,other sound,not verified,1,Sunday,night (0-5),36.075127314814814
6903653180282817794,2020-12-07 23:00:17,161400,32000,1600,127,33727,0.2089653035935564,20.89653035935564,19.826517967781907,0.9913258983890955,0.07868649318463444,14,<15s,4,0,38,,original sound,not verified,23,Monday,evening (18-23),13.179386574074075
6886068485345070337,2020-10-21 13:42:40,102500,8639,459,496,9594,0.0936,9.36,8.428292682926829,0.4478048780487805,0.48390243902439023,9,<15s,3,0,36,,original sound,not verified,13,Wednesday,afternoon (12-17),60.56662037037037
6875749962681044230,2020-09-23 18:22:21,119700,5494,213,20,5727,0.04784461152882206,4.784461152882206,4.589807852965747,0.17794486215538846,0.01670843776106934,14,<15s,7,0,85,,original sound,not verified,18,Wednesday,evening (18-23),88.37239583333333
6896576430491143426,2020-11-18 21:18:53,14900,689,36,3,728,0.04885906040268456,4.885906040268456,4.624161073825503,0.24161073825503357,0.020134228187919462,8,<15s,5,0,32,,original sound,not verified,21,Wednesday,evening (18-23),32.24980324074074
6881317813173095681,2020-10-08 18:27:37,125200,8819,341,963,10123,0.08085463258785942,8.085463258785943,7.043929712460064,0.2723642172523962,0.7691693290734825,9,<15s,11,0,119,,original sound,not verified,18,Thursday,evening (18-23),73.36873842592593
6896885048063167745,2020-11-19 17:16:27,50700,6199,288,294,6781,0.1337475345167653,13.37475345167653,12.226824457593688,0.5680473372781065,0.5798816568047337,47,30s+,7,1,135,,original sound,not verified,17,Thursday,afternoon (12-17),31.41815972222222
6903854177072499969,2020-12-08 12:00:17,45500,2497,28,27,2552,0.05608791208791209,5.608791208791209,5.487912087912088,0.06153846153846154,0.05934065934065934,14,<15s,5,0,76,,original sound,not verified,12,Tuesday,afternoon (12-17),12.637719907407407
6875342937002085633,2020-09-22 16:02:05,376400,49400,123,37,49560,0.1316684378320935,13.16684378320935,13.124335812964931,0.032678002125398516,0.009829968119022316,7,<15s,4,0,73,,original sound,not verified,16,Tuesday,afternoon (12-17),89.46980324074075
6890991934324755713,2020-11-03 20:08:10,6792,1105,85,39,1229,0.18094817432273264,18.094817432273263,16.26914016489988,1.251472320376914,0.5742049469964664,11,<15s,10,0,145,,original sound,not verified,20,Tuesday,evening (18-23),47.298912037037034
6891273557981023489,2020-11-04 14:21:00,60900,3119,9,11,3139,0.05154351395730706,5.154351395730706,5.121510673234811,0.014778325123152709,0.0180623973727422,8,<15s,6,0,35,,original sound,not verified,14,Wednesday,afternoon (12-17),46.54
6883896778995846402,2020-10-15 17:15:19,57400,1325,117,8,1450,0.025261324041811847,2.5261324041811846,2.308362369337979,0.2038327526132404,0.013937282229965157,15,15-30s,0,0,0,,other sound,not verified,17,Thursday,afternoon (12-17),66.41894675925926
6880162735208877314,2020-10-05 15:45:19,69000,11400,86,14,11500,0.16666666666666666,16.666666666666664,16.52173913043478,0.1246376811594203,0.020289855072463767,15,15-30s,3,0,24,,original sound,not verified,15,Monday,afternoon (12-17),76.48144675925926
6905356954621824257,2020-12-12 13:11:46,52700,5887,29,28,5944,0.11278937381404175,11.278937381404175,11.1707779886148,0.05502846299810247,0.05313092979127135,16,15-30s,6,0,111,,original sound,not verified,13,Saturday,afternoon (12-17),8.588078703703705
6882404595394563330,2020-10-11 16:44:53,605800,40600,696,2214,43510,0.07182238362495873,7.182238362495872,6.701881809177946,0.11488940244305051,0.3654671508748762,11,<15s,9,1,89,,original sound,not verified,16,Sunday,afternoon (12-17),70.44008101851851
6881502944353717506,2020-10-09 06:26:03,232200,51700,588,57,52345,0.2254306632213609,22.54306632213609,22.265288544358313,0.2532299741602067,0.02454780361757106,29,15-30s,0,0,56,,original sound,not verified,6,Friday,morning (6-11),72.8698263888889
6907253227490725122,2020-12-17 15:50:17,245100,27900,535,934,29369,0.11982456140350878,11.982456140350878,11.383108935128519,0.2182782537739698,0.3810689514483884,33,30s+,3,1,66,,original sound,not verified,15,Thursday,afternoon (12-17),3.4779976851851853
6893253061305732357,2020-11-09 22:23:02,124400,17400,236,1245,18881,0.1517765273311897,15.17765273311897,13.987138263665594,0.18971061093247588,1.0008038585209003,16,15-30s,9,0,99,,other sound,not verified,22,Monday,evening (18-23),41.20525462962963
6900492821862599938,2020-11-29 10:36:27,352200,26400,977,2421,29798,0.08460533787620671,8.46053378762067,7.4957410562180575,0.2773992049971607,0.6873935264054515,22,15-30s,13,0,150,,original sound,not verified,10,Sunday,morning (6-11),21.6959375
6906880148352552193,2020-12-16 15:42:33,52100,4620,14,139,4773,0.09161228406909788,9.161228406909789,8.867562380038388,0.026871401151631478,0.2667946257197697,59,30s+,5,0,144,,original sound,not verified,15,Wednesday,afternoon (12-17),4.483368055555555
6893028172024139009,2020-11-09 07:49:49,81700,3337,48,56,3441,0.04211750305997552,4.211750305997552,4.084455324357405,0.0587515299877601,0.06854345165238677,14,<15s,0,0,0,,original sound,not verified,7,Monday,morning (6-11),41.811655092592595
6884266018936573189,2020-10-16 17:09:02,83500,7191,181,98,7470,0.08946107784431137,8.946107784431137,8.611976047904191,0.21676646706586827,0.11736526946107785,11,<15s,7,0,98,,original sound,not verified,17,Friday,afternoon (12-17),65.42331018518519
6876645435625262338,2020-09-26 04:16:27,26200,3965,75,13,4053,0.15469465648854963,15.469465648854964,15.133587786259541,0.2862595419847328,0.04961832061068702,15,15-30s,12,0,131,,other sound,not verified,4,Saturday,night (0-5),85.95982638888889
6876603307708665093,2020-09-26 01:33:25,58000,8135,250,35,8420,0.14517241379310344,14.517241379310345,14.025862068965518,0.43103448275862066,0.0603448275862069,29,15-30s,6,0,141,,original sound,not verified,1,Saturday,night (0-5),86.07304398148148
6880750408302693637,2020-10-07 05:47:27,70600,1590,34,19,1643,0.023271954674220965,2.3271954674220963,2.2521246458923514,0.04815864022662889,0.026912181303116147,8,<15s,8,0,110,,other sound,not verified,5,Wednesday,night (0-5),74.89663194444445
6882436135214238981,2020-10-11 18:47:51,72100,21300,513,213,22026,0.30549237170596394,30.549237170596395,29.542302357836338,0.7115117891816921,0.29542302357836336,44,30s+,3,0,54,,original sound,not verified,18,Sunday,evening (18-23),70.3546875
6882769301615496450,2020-10-12 16:20:09,4100000,558800,4522,2853,566175,0.13809146341463416,13.809146341463416,13.629268292682926,0.11029268292682927,0.06958536585365854,27,15-30s,0,0,36,,original sound,verified,16,Monday,afternoon (12-17),69.45725694444444
6886265289206435074,2020-10-22 02:26:24,4620,206,7,0,213,0.046103896103896105,4.6103896103896105,4.458874458874459,0.15151515151515152,0.0,15,15-30s,5,0,54,,original sound,not verified,2,Thursday,night (0-5),60.03625
6886060490687106306,2020-10-21 13:11:38,1853,142,12,69,223,0.12034538586076632,12.034538586076632,7.663248785752833,0.6475984889368591,3.7236913113869403,14,<15s,3,0,47,,original sound,not verified,13,Wednesday,afternoon (12-17),60.588171296296295
6907997809094495494,2020-12-19 16:00:04,68200,7742,92,212,8046,0.11797653958944282,11.797653958944283,11.351906158357771,0.1348973607038123,0.31085043988269795,18,15-30s,3,0,54,,other sound,not verified,16,Saturday,afternoon (12-17),1.4712037037037038
6880741941860928773,2020-10-07 05:14:08,161100,26600,319,81,27000,0.16759776536312848,16.75977653631285,16.511483550589695,0.1980136561142148,0.05027932960893855,14,<15s,0,0,12,,original sound,verified,5,Wednesday,night (0-5),74.91976851851852
6904778229526039813,2020-12-10 23:46:16,83500,5594,183,58,5835,0.06988023952095808,6.988023952095808,6.69940119760479,0.21916167664670658,0.06946107784431138,14,<15s,5,0,60,,other sound,not verified,23,Thursday,evening (18-23),10.147453703703704
6905010590108978437,2020-12-11 14:48:14,40200,4593,93,17,4703,0.11699004975124377,11.699004975124378,11.425373134328359,0.23134328358208955,0.04228855721393035,13,<15s,4,0,60,,original sound,not verified,14,Friday,afternoon (12-17),9.521087962962962
6884340073693859074,2020-10-16 21:55:34,60400,11700,43,110,11853,0.19624172185430463,19.624172185430464,19.370860927152318,0.07119205298013245,0.18211920529801323,13,<15s,6,0,102,,original sound,verified,21,Friday,evening (18-23),65.2243287037037
6882547868792524034,2020-10-12 02:00:58,28100,499,12,1,512,0.018220640569395017,1.8220640569395017,1.7758007117437722,0.042704626334519574,0.0035587188612099642,5,<15s,10,0,111,,other sound,not verified,2,Monday,night (0-5),70.05391203703704
6880671806965959938,2020-10-07 00:40:50,192700,23500,1238,1146,25884,0.1343227815256876,13.432278152568761,12.195121951219512,0.6424494032174364,0.5947067981318112,59,30s+,0,0,0,,original sound,not verified,0,Wednesday,night (0-5),75.10956018518519
6883082488101555462,2020-10-13 12:38:01,61500,1693,168,28,1889,0.030715447154471543,3.0715447154471542,2.7528455284552846,0.2731707317073171,0.04552845528455285,15,15-30s,2,0,42,,original sound,not verified,12,Tuesday,afternoon (12-17),68.6115162037037
6880865616215952641,2020-10-07 13:12:51,143000,12000,64,220,12284,0.08590209790209791,8.59020979020979,8.391608391608392,0.044755244755244755,0.15384615384615385,15,15-30s,0,1,34,,other sound,not verified,13,Wednesday,afternoon (12-17),74.58732638888888
6899861794760690945,2020-11-27 17:47:44,113400,4774,255,87,5116,0.04511463844797178,4.511463844797178,4.209876543209877,0.22486772486772486,0.07671957671957672,9,<15s,3,0,71,,other sound,not verified,17,Friday,afternoon (12-17),23.396435185185187
6878531534303857922,2020-10-01 06:15:28,11300,1744,12,1,1757,0.15548672566371682,15.548672566371682,15.43362831858407,0.10619469026548672,0.008849557522123894,12,<15s,5,0,94,,original sound,not verified,6,Thursday,morning (6-11),80.87717592592593
6907614572048305409,2020-12-18 15:12:29,394000,29900,462,107,30469,0.07733248730964468,7.733248730964467,7.588832487309645,0.11725888324873096,0.02715736040609137,14,<15s,2,0,45,,other sound,not verified,15,Friday,afternoon (12-17),2.5042476851851854
6903940573091187973,2020-12-08 17:36:16,79500,15000,276,504,15780,0.19849056603773585,19.849056603773583,18.867924528301888,0.3471698113207547,0.6339622641509434,15,15-30s,5,1,77,,original sound,not verified,17,Tuesday,afternoon (12-17),12.404398148148148
6905849998680820993,2020-12-13 21:05:03,102100,12700,242,725,13667,0.13385896180215476,13.385896180215475,12.438785504407443,0.23702252693437806,0.7100881488736532,16,15-30s,0,1,29,,original sound,not verified,21,Sunday,evening (18-23),7.259409722222222
6881237651702254850,2020-10-08 13:16:33,41200,1396,10,33,1439,0.03492718446601942,3.4927184466019416,3.3883495145631066,0.024271844660194174,0.08009708737864078,8,<15s,3,0,88,,original sound,not verified,13,Thursday,afternoon (12-17),73.58475694444445
6891048135716506886,2020-11-03 23:46:45,152600,5979,94,860,6933,0.04543250327653997,4.543250327653997,3.918086500655308,0.061598951507208385,0.563564875491481,20,15-30s,7,0,146,,original sound,not verified,23,Tuesday,evening (18-23),47.14711805555555
6887527163617201410,2020-10-25 12:03:04,1000000,67200,739,535,68474,0.068474,6.8473999999999995,6.72,0.0739,0.0535,20,15-30s,2,0,110,,original sound,not verified,12,Sunday,afternoon (12-17),56.63578703703703
6888322901305478401,2020-10-27 15:30:56,44400,2973,118,130,3221,0.07254504504504504,7.254504504504504,6.695945945945946,0.26576576576576577,0.2927927927927928,6,<15s,14,0,135,,original sound,not verified,15,Tuesday,afternoon (12-17),54.49143518518518
6878665609870052610,2020-10-01 14:55:43,58900,2802,50,24,2876,0.04882852292020373,4.882852292020373,4.7572156196943975,0.08488964346349745,0.04074702886247878,14,<15s,7,0,148,,other sound,not verified,14,Thursday,afternoon (12-17),80.5158912037037
6882038951134137601,2020-10-10 17:06:00,496800,60300,503,168,60971,0.12272745571658615,12.272745571658614,12.13768115942029,0.10124798711755234,0.033816425120772944,9,<15s,4,0,50,,original sound,verified,17,Saturday,afternoon (12-17),71.42541666666666
6901322841849974017,2020-12-01 16:17:22,6700000,590400,2976,34400,627776,0.0936979104477612,9.36979104477612,8.811940298507462,0.044417910447761194,0.5134328358208955,36,30s+,4,0,68,,original sound,verified,16,Tuesday,afternoon (12-17),19.459189814814813
6885779594901867777,2020-10-20 19:01:38,147600,8013,98,280,8391,0.05684959349593496,5.684959349593496,5.428861788617886,0.06639566395663957,0.1897018970189702,6,<15s,4,0,49,,original sound,not verified,19,Tuesday,evening (18-23),61.34511574074074
6893823598432226561,2020-11-11 11:16:28,183300,23700,155,452,24307,0.132607746863066,13.2607746863066,12.92962356792144,0.0845608292416803,0.24659028914348063,10,<15s,3,1,55,,original sound,not verified,11,Wednesday,morning (6-11),39.66814814814815
6878282456382835973,2020-09-30 14:10:12,89600,4703,36,14,4753,0.053046875,5.3046875,5.248883928571429,0.04017857142857143,0.015625,12,<15s,11,1,121,,other sound,not verified,14,Wednesday,afternoon (12-17),81.5475
6908336148037274881,2020-12-20 13:52:33,598200,88900,338,127,89365,0.14938983617519225,14.938983617519225,14.861250417920427,0.056502841858910066,0.021230357739886324,16,15-30s,0,0,20,,original sound,not verified,13,Sunday,afternoon (12-17),0.5597569444444445
6902512873109605634,2020-12-04 21:15:18,212700,8232,35,74,8341,0.03921485660554772,3.9214856605547723,3.8702397743300425,0.016455101081335213,0.034790785143394454,6,<15s,2,0,88,,original sound,not verified,21,Friday,evening (18-23),16.252291666666668
6902048025334615297,2020-12-03 15:11:26,76400,7222,287,1283,8792,0.11507853403141362,11.507853403141361,9.452879581151832,0.3756544502617801,1.6793193717277486,15,15-30s,6,0,144,,other sound,not verified,15,Thursday,afternoon (12-17),17.50497685185185
6904384164641000705,2020-12-09 22:16:52,69700,1112,107,291,1510,0.021664275466284074,2.1664275466284075,1.5954088952654233,0.15351506456241032,0.41750358680057387,28,15-30s,0,0,22,,original sound,not verified,22,Wednesday,evening (18-23),11.209537037037038
6904726306047446274,2020-12-10 20:24:34,42300,12600,252,74,12926,0.3055791962174941,30.557919621749406,29.78723404255319,0.5957446808510638,0.17494089834515367,9,<15s,4,0,146,,original sound,not verified,20,Thursday,evening (18-23),10.287523148148148
6900478499933408513,2020-11-29 09:40:52,292500,21700,78,1103,22881,0.07822564102564103,7.822564102564103,7.418803418803419,0.02666666666666667,0.3770940170940171,41,30s+,11,0,102,,original sound,not verified,9,Sunday,morning (6-11),21.734537037037036
6897200586106752258,2020-11-20 13:40:54,161200,30700,827,1059,32586,0.20214640198511166,20.214640198511166,19.04466501240695,0.5130272952853598,0.6569478908188585,18,15-30s,10,0,144,,original sound,not verified,13,Friday,afternoon (12-17),30.567847222222223
6904650067999821057,2020-12-10 15:28:42,7900000,759200,4100,51500,814800,0.10313924050632911,10.313924050632911,9.61012658227848,0.05189873417721519,0.6518987341772152,21,15-30s,5,0,147,,original sound,not verified,15,Thursday,afternoon (12-17),10.492986111111112
6904978624085069057,2020-12-11 12:43:39,154200,16000,139,1809,17948,0.11639429312581064,11.639429312581063,10.376134889753567,0.09014267185473411,1.1731517509727627,33,30s+,3,0,59,,original sound,not verified,12,Friday,afternoon (12-17),9.607604166666667
6889624721005006085,2020-10-31 03:43:18,86500,1993,34,6,2033,0.023502890173410406,2.3502890173410407,2.3040462427745663,0.03930635838150289,0.006936416184971098,12,<15s,2,0,113,,original sound,not verified,3,Saturday,night (0-5),50.98284722222222
6898642858484567297,2020-11-24 10:57:39,251500,16400,106,166,16672,0.06629025844930418,6.6290258449304185,6.5208747514910534,0.04214711729622266,0.06600397614314116,11,<15s,7,0,106,,original sound,verified,10,Tuesday,morning (6-11),26.681215277777778
6886843424310414594,2020-10-23 15:49:49,20200,379,192,97,668,0.03306930693069307,3.306930693069307,1.8762376237623761,0.9504950495049505,0.4801980198019802,12,<15s,7,1,82,,original sound,not verified,15,Friday,afternoon (12-17),58.47832175925926
6892440916234210566,2020-11-07 17:51:30,61700,9085,118,22,9225,0.14951377633711507,14.951377633711507,14.724473257698541,0.1912479740680713,0.03565640194489465,57,30s+,10,1,139,,original sound,not verified,17,Saturday,afternoon (12-17),43.393819444444446
6901458108372077826,2020-12-02 01:02:17,58500,7986,165,65,8216,0.14044444444444446,14.044444444444446,13.65128205128205,0.28205128205128205,0.1111111111111111,13,<15s,7,0,76,,other sound,not verified,1,Wednesday,night (0-5),19.09466435185185
6899001802130197761,2020-11-25 10:10:32,31300,1763,68,25,1856,0.059297124600638976,5.9297124600638975,5.63258785942492,0.21725239616613418,0.07987220447284345,6,<15s,5,0,89,,original sound,not verified,10,Wednesday,morning (6-11),25.713935185185186
6897397404421688578,2020-11-21 02:24:40,6903,1374,29,8,1411,0.20440388236998405,20.440388236998405,19.90438939591482,0.4201071997682167,0.11589164131537012,47,30s+,9,0,87,,original sound,not verified,2,Saturday,night (0-5),30.037453703703704
6906797341341224193,2020-12-16 10:21:13,52800,5246,30,265,5541,0.10494318181818182,10.494318181818182,9.93560606060606,0.056818181818181816,0.5018939393939394,17,15-30s,7,0,101,,original sound,not verified,10,Wednesday,morning (6-11),4.706516203703703
6904037272048389378,2020-12-08 23:50:45,222000,63600,2702,1446,67748,0.30517117117117115,30.517117117117117,28.64864864864865,1.2171171171171171,0.6513513513513514,12,<15s,9,0,86,,original sound,not verified,23,Tuesday,evening (18-23),12.144340277777777
6904096377152785665,2020-12-09 03:40:07,611100,132900,2937,837,136674,0.22365243004418262,22.36524300441826,21.747668139420718,0.4806087383406971,0.13696612665684832,19,15-30s,5,0,106,,original sound,not verified,3,Wednesday,night (0-5),11.98505787037037
6887946160837790982,2020-10-26 15:10:04,54500,9129,231,59,9419,0.1728256880733945,17.282568807339448,16.75045871559633,0.42385321100917434,0.10825688073394496,39,30s+,10,0,100,,original sound,not verified,15,Monday,afternoon (12-17),55.50592592592593
6905060523184901381,2020-12-11 18:01:47,52600,6319,91,5,6415,0.12195817490494297,12.195817490494298,12.013307984790874,0.17300380228136883,0.009505703422053232,21,15-30s,11,1,130,,other sound,not verified,18,Friday,evening (18-23),9.386678240740741
6881353341465611525,2020-10-08 20:46:04,81300,9073,130,14,9217,0.11337023370233702,11.337023370233702,11.15990159901599,0.15990159901599016,0.017220172201722016,57,30s+,10,1,120,,original sound,not verified,20,Thursday,evening (18-23),73.27259259259259
6875436892226178305,2020-09-22 22:06:45,155500,34100,204,245,34549,0.22218006430868167,22.21800643086817,21.929260450160772,0.1311897106109325,0.15755627009646303,33,30s+,11,0,146,,original sound,not verified,22,Tuesday,evening (18-23),89.2165625
6899867641570135302,2020-11-27 18:11:02,71000,3200,36,27,3263,0.04595774647887324,4.595774647887324,4.507042253521127,0.05070422535211268,0.038028169014084505,15,15-30s,0,0,14,,other sound,not verified,18,Friday,evening (18-23),23.38025462962963
6902096916776209665,2020-12-03 18:21:10,230700,39200,250,103,39553,0.17144776766363243,17.144776766363243,16.991764195925445,0.10836584308625921,0.044646727351538795,42,30s+,13,0,87,,original sound,not verified,18,Thursday,evening (18-23),17.373217592592592
6889414816922930433,2020-10-30 14:08:08,188400,26700,356,340,27396,0.14541401273885352,14.541401273885352,14.171974522292993,0.18895966029723993,0.18046709129511676,26,15-30s,11,0,73,,original sound,not verified,14,Friday,afternoon (12-17),51.54893518518519
6880501583231061249,2020-10-06 13:40:16,977,307,5,0,312,0.3193449334698055,31.934493346980553,31.42272262026612,0.5117707267144319,0.0,15,15-30s,6,0,137,,original sound,not verified,13,Tuesday,afternoon (12-17),75.56828703703704
6907309069904776454,2020-12-17 19:27:15,74000,8839,436,43,9318,0.12591891891891893,12.591891891891894,11.944594594594594,0.5891891891891892,0.05810810810810811,17,15-30s,7,1,141,,other sound,not verified,19,Thursday,evening (18-23),3.327326388888889
6893846505656995073,2020-11-11 12:45:21,436400,2906,49,82,3037,0.006959211732355637,0.6959211732355637,0.6659028414298809,0.011228230980751604,0.018790100824931256,15,15-30s,6,0,146,,original sound,not verified,12,Wednesday,afternoon (12-17),39.60642361111111
6877789463221947650,2020-09-29 06:15:51,634300,8348,26,4447,12821,0.020212833044300806,2.0212833044300806,1.3160964843134164,0.004099006779126596,0.7010878133375374,13,<15s,3,0,33,,other sound,not verified,6,Tuesday,morning (6-11),82.87690972222222
6893481053441281282,2020-11-10 13:07:13,47700,3644,19,7,3670,0.0769392033542977,7.69392033542977,7.639412997903564,0.039832285115303984,0.014675052410901468,10,<15s,6,0,79,,other sound,not verified,13,Tuesday,afternoon (12-17),40.59123842592592
6886450016785894658,2020-10-22 14:23:12,285700,12200,195,1926,14321,0.05012600630031502,5.012600630031502,4.270213510675534,0.06825341267063353,0.6741337066853342,12,<15s,5,0,72,,other sound,not verified,14,Thursday,afternoon (12-17),59.538472222222225
6876369534018669825,2020-09-25 10:25:47,46800,7045,232,88,7365,0.15737179487179487,15.737179487179487,15.053418803418804,0.49572649572649574,0.18803418803418803,20,15-30s,2,0,20,,original sound,not verified,10,Friday,morning (6-11),86.70334490740741
6904271117783928065,2020-12-09 14:58:10,32800,6834,76,5,6915,0.2108231707317073,21.08231707317073,20.835365853658537,0.23170731707317074,0.01524390243902439,9,<15s,6,0,91,,other sound,not verified,14,Wednesday,afternoon (12-17),11.514189814814815
6900256765527477506,2020-11-28 19:20:26,34300,2384,60,28,2472,0.07206997084548104,7.206997084548104,6.950437317784257,0.1749271137026239,0.08163265306122448,10,<15s,5,0,76,,other sound,not verified,19,Saturday,evening (18-23),22.332060185185185
6899736406495677697,2020-11-27 09:41:11,44600,1397,297,61,1755,0.03934977578475336,3.9349775784753365,3.132286995515695,0.6659192825112108,0.1367713004484305,15,15-30s,4,1,104,,original sound,not verified,9,Friday,morning (6-11),23.73431712962963
6904736629454359813,2020-12-10 21:04:53,62400,12400,702,66,13168,0.21102564102564103,21.102564102564102,19.871794871794872,1.125,0.10576923076923077,13,<15s,9,1,128,,original sound,not verified,21,Thursday,evening (18-23),10.259525462962962
6905378500392324354,2020-12-12 14:35:23,348600,19600,142,68,19810,0.056827309236947794,5.68273092369478,5.622489959839357,0.04073436603557085,0.019506597819850834,10,<15s,2,1,65,,original sound,not verified,14,Saturday,afternoon (12-17),8.530011574074074
6889818292337249538,2020-10-31 16:13:49,47300,1535,96,159,1790,0.037843551797040166,3.7843551797040167,3.2452431289640593,0.2029598308668076,0.3361522198731501,19,15-30s,5,0,53,,other sound,not verified,16,Saturday,afternoon (12-17),50.46165509259259
6883508337380478209,2020-10-14 16:07:58,30300,2520,43,7,2570,0.08481848184818482,8.481848184818482,8.316831683168317,0.1419141914191419,0.0231023102310231,7,<15s,0,0,10,,original sound,not verified,16,Wednesday,afternoon (12-17),67.4657175925926
6889521293306236161,2020-10-30 21:01:20,129900,6276,50,320,6646,0.05116243264049269,5.1162432640492685,4.831408775981524,0.03849114703618168,0.24634334103156275,12,<15s,12,0,94,,original sound,not verified,21,Friday,evening (18-23),51.26199074074074
6892449418851716354,2020-11-07 18:23:56,44600,937,26,6,969,0.02172645739910314,2.172645739910314,2.100896860986547,0.05829596412556054,0.013452914798206279,13,<15s,2,0,15,,other sound,not verified,18,Saturday,evening (18-23),43.37129629629629
6896543335259933958,2020-11-18 19:11:07,337000,28800,181,283,29264,0.08683679525222551,8.683679525222551,8.5459940652819,0.05370919881305638,0.08397626112759644,15,15-30s,8,0,127,,other sound,not verified,19,Wednesday,evening (18-23),32.33853009259259
6906565635371764993,2020-12-15 19:22:05,322100,16700,174,13,16887,0.052427817447997516,5.242781744799752,5.184725240608507,0.05402049053089103,0.0040360136603539275,25,15-30s,2,0,87,,original sound,not verified,19,Tuesday,evening (18-23),5.330914351851852
6905462755919269121,2020-12-12 20:02:21,1500000,145200,1444,1219,147863,0.09857533333333333,9.857533333333333,9.68,0.09626666666666667,0.08126666666666667,13,<15s,12,3,149,,original sound,verified,20,Saturday,evening (18-23),8.30295138888889
6890631109583867137,2020-11-02 20:47:59,186800,58000,725,1417,60142,0.3219593147751606,32.19593147751606,31.049250535331907,0.3881156316916488,0.7585653104925053,13,<15s,11,0,103,,original sound,not verified,20,Monday,evening (18-23),48.271261574074074
6906224943332068610,2020-12-14 21:20:03,345200,17100,321,84,17505,0.05070973348783314,5.070973348783314,4.953650057937428,0.09298957126303592,0.02433371958285052,10,<15s,2,0,43,,original sound,not verified,21,Monday,evening (18-23),6.248993055555555
6890568657986931970,2020-11-02 16:45:38,246900,14400,295,769,15464,0.06263264479546375,6.263264479546375,5.832320777642771,0.11948157148643175,0.31146213041717297,15,15-30s,7,0,76,,other sound,not verified,16,Monday,afternoon (12-17),48.43956018518519
6908298047470472450,2020-12-20 11:24:42,153100,22800,297,800,23897,0.1560875244937949,15.60875244937949,14.892227302416721,0.19399085564990204,0.5225342913128674,14,<15s,4,0,64,,original sound,not verified,11,Sunday,morning (6-11),0.6624305555555555
6892735023372389634,2020-11-08 12:52:13,49000,1806,7,2,1815,0.03704081632653061,3.704081632653061,3.6857142857142855,0.014285714285714285,0.004081632653061225,15,15-30s,7,0,73,,other sound,not verified,12,Sunday,afternoon (12-17),42.601655092592594
6891327911140314370,2020-11-04 17:51:55,80500,4239,206,829,5274,0.06551552795031056,6.551552795031055,5.2658385093167706,0.25590062111801243,1.0298136645962732,59,30s+,12,0,148,,original sound,not verified,17,Wednesday,afternoon (12-17),46.39353009259259
6878404258367163654,2020-09-30 22:02:05,1100000,136200,934,1284,138418,0.12583454545454545,12.583454545454545,12.381818181818181,0.0849090909090909,0.11672727272727272,23,15-30s,0,0,16,,original sound,not verified,22,Wednesday,evening (18-23),81.21980324074075
6899499316600147201,2020-11-26 18:21:09,190100,29500,841,2232,32573,0.17134665965281431,17.13466596528143,15.51814834297738,0.4423987375065755,1.174118884797475,58,30s+,6,0,60,,original sound,not verified,18,Thursday,evening (18-23),24.37322916666667
6906112097554271490,2020-12-14 14:02:07,35400,2190,74,70,2334,0.06593220338983051,6.593220338983051,6.186440677966102,0.20903954802259886,0.1977401129943503,7,<15s,6,0,89,,original sound,not verified,14,Monday,afternoon (12-17),6.553113425925926
6903990740993477894,2020-12-08 20:50:43,113300,7940,91,117,8148,0.07191526919682259,7.191526919682259,7.0079435127978815,0.08031774051191527,0.10326566637246248,10,<15s,1,0,116,,other sound,not verified,20,Tuesday,evening (18-23),12.269363425925926
6891017445188848898,2020-11-03 21:47:10,37500,4074,78,23,4175,0.11133333333333334,11.133333333333335,10.864,0.208,0.06133333333333333,13,<15s,12,0,135,,original sound,not verified,21,Tuesday,evening (18-23),47.23016203703704
6907570846215294210,2020-12-18 12:22:48,71600,7216,181,220,7617,0.10638268156424581,10.638268156424582,10.078212290502794,0.2527932960893855,0.30726256983240224,8,<15s,6,1,78,,original sound,not verified,12,Friday,afternoon (12-17),2.6220833333333333
6896759523105672449,2020-11-19 09:09:22,28600,1778,55,2,1835,0.06416083916083916,6.416083916083916,6.216783216783217,0.19230769230769232,0.006993006993006993,15,15-30s,8,1,121,,original sound,not verified,9,Thursday,morning (6-11),31.756412037037038
6882348124120108289,2020-10-11 13:05:45,12300,1401,5,1,1407,0.11439024390243903,11.439024390243903,11.390243902439025,0.04065040650406504,0.008130081300813009,18,15-30s,0,0,20,,original sound,not verified,13,Sunday,afternoon (12-17),70.59225694444444
6907659902789897474,2020-12-18 18:08:23,236000,57000,490,115,57605,0.24408898305084745,24.408898305084744,24.152542372881356,0.2076271186440678,0.048728813559322036,6,<15s,7,0,106,,original sound,not verified,18,Friday,evening (18-23),2.3820949074074074
6895042572994104581,2020-11-14 18:07:19,125200,7281,175,226,7682,0.06135782747603834,6.135782747603834,5.815495207667731,0.13977635782747605,0.1805111821086262,11,<15s,6,0,93,,original sound,not verified,18,Saturday,evening (18-23),36.382835648148145
6887391026848320774,2020-10-25 03:15:21,88800,8851,334,115,9300,0.10472972972972973,10.472972972972974,9.967342342342342,0.3761261261261261,0.12950450450450451,7,<15s,10,0,139,,original sound,not verified,3,Sunday,night (0-5),57.00225694444445
6879844969687878914,2020-10-04 19:12:14,56700,1016,31,19,1066,0.018800705467372135,1.8800705467372134,1.7918871252204585,0.054673721340388004,0.03350970017636684,13,<15s,3,0,113,,other sound,not verified,19,Sunday,evening (18-23),77.33775462962963
6901592880129805570,2020-12-02 09:45:15,311800,13100,1191,4285,18576,0.05957665169980757,5.957665169980757,4.2014111610006415,0.381975625400898,1.3742783835792174,8,<15s,0,0,25,,original sound,not verified,9,Wednesday,morning (6-11),18.731493055555557
6885582410579184897,2020-10-20 06:16:28,43500,3355,28,47,3430,0.07885057471264367,7.885057471264368,7.712643678160919,0.06436781609195402,0.10804597701149425,10,<15s,0,0,25,,original sound,not verified,6,Tuesday,morning (6-11),61.876481481481484
6895089837150440710,2020-11-14 21:10:42,95000,16400,520,25,16945,0.1783684210526316,17.83684210526316,17.263157894736842,0.5473684210526316,0.02631578947368421,49,30s+,4,0,79,,original sound,not verified,21,Saturday,evening (18-23),36.25548611111111
6878834531911224577,2020-10-02 01:51:14,30100,1650,37,26,1713,0.05691029900332226,5.691029900332226,5.48172757475083,0.12292358803986711,0.08637873754152824,41,30s+,8,0,101,,original sound,not verified,1,Friday,night (0-5),80.06067129629629
6906640842543418630,2020-12-16 00:14:10,33700,3181,16,3,3200,0.09495548961424333,9.495548961424333,9.439169139465875,0.04747774480712166,0.008902077151335312,15,15-30s,6,1,97,,original sound,not verified,0,Wednesday,night (0-5),5.128078703703704
6895072166828576001,2020-11-14 20:01:32,47700,2940,52,20,3012,0.06314465408805031,6.314465408805031,6.163522012578617,0.1090146750524109,0.041928721174004195,13,<15s,1,0,14,,original sound,not verified,20,Saturday,evening (18-23),36.303518518518516
6886981950180003073,2020-10-24 00:47:23,69900,4124,62,130,4316,0.06174535050071531,6.174535050071531,5.8998569384835475,0.08869814020028613,0.1859799713876967,15,15-30s,4,0,58,,original sound,not verified,0,Saturday,night (0-5),58.10501157407408
6898523009406045445,2020-11-24 03:13:04,64400,13300,569,101,13970,0.21692546583850933,21.692546583850934,20.652173913043477,0.8835403726708074,0.15683229813664595,34,30s+,0,1,42,,original sound,not verified,3,Tuesday,night (0-5),27.003842592592594
6877178763474423041,2020-09-27 14:46:00,12100,1868,263,123,2254,0.1862809917355372,18.628099173553718,15.438016528925619,2.1735537190082646,1.0165289256198347,15,15-30s,6,0,112,,original sound,not verified,14,Sunday,afternoon (12-17),84.52263888888889
6880848041792802053,2020-10-07 12:07:03,78100,22000,900,337,23237,0.2975288092189501,29.75288092189501,28.169014084507044,1.1523687580025608,0.43149807938540335,59,30s+,2,0,29,,original sound,not verified,12,Wednesday,afternoon (12-17),74.63302083333333
6901216725325384961,2020-12-01 09:25:35,12800,1335,32,1,1368,0.106875,10.6875,10.4296875,0.25,0.0078125,23,15-30s,7,0,80,,other sound,not verified,9,Tuesday,morning (6-11),19.745150462962965
6893175582482255109,2020-11-09 17:22:38,85900,2395,38,269,2702,0.03145518044237485,3.1455180442374853,2.7881257275902214,0.04423748544819558,0.3131548311990687,29,15-30s,6,3,136,,other sound,not verified,17,Monday,afternoon (12-17),41.41386574074074
6880410980434660610,2020-10-06 07:48:40,50500000,4100000,12500,20000,4132500,0.08183168316831683,8.183168316831683,8.118811881188119,0.024752475247524754,0.039603960396039604,14,<15s,5,0,102,,other sound,not verified,7,Tuesday,morning (6-11),75.81245370370371
6878259877353966850,2020-09-30 12:41:16,145100,10600,101,162,10863,0.07486560992419021,7.486560992419021,7.305306685044797,0.06960716747070986,0.11164713990351481,58,30s+,8,0,125,,original sound,not verified,12,Wednesday,afternoon (12-17),81.60925925925926
6907916640386813185,2020-12-19 10:44:39,55600,1579,13,8,1600,0.02877697841726619,2.877697841726619,2.8399280575539567,0.023381294964028777,0.014388489208633094,13,<15s,3,0,65,,original sound,not verified,10,Saturday,morning (6-11),1.6902430555555557
6892345024227331330,2020-11-07 11:38:50,165800,12100,161,270,12531,0.07557901085645356,7.557901085645356,7.297949336550061,0.0971049457177322,0.16284680337756333,9,<15s,3,0,81,,original sound,not verified,11,Saturday,morning (6-11),43.65261574074074
6886946250336324870,2020-10-23 22:29:31,100500,7268,100,480,7848,0.07808955223880597,7.808955223880597,7.231840796019901,0.09950248756218906,0.47761194029850745,19,15-30s,7,0,150,,original sound,not verified,22,Friday,evening (18-23),58.200752314814814
6885675789090704641,2020-10-20 12:18:48,170100,18900,740,1708,21348,0.1255026455026455,12.55026455026455,11.11111111111111,0.4350382128159906,1.0041152263374487,8,<15s,5,0,50,,original sound,not verified,12,Tuesday,afternoon (12-17),61.62486111111111
6903898067490163969,2020-12-08 14:50:32,194200,23200,2104,51,25355,0.1305612770339856,13.056127703398559,11.946446961894953,1.0834191555097836,0.026261585993820804,16,15-30s,5,1,75,,original sound,not verified,14,Tuesday,afternoon (12-17),12.519490740740741
6882831253519731970,2020-10-12 20:20:33,196100,22500,262,1396,24158,0.12319224885262621,12.31922488526262,11.473737888832229,0.13360530341662416,0.7118816930137685,16,15-30s,7,0,74,,original sound,not verified,20,Monday,evening (18-23),69.2903125
6883841665841270017,2020-10-15 13:41:28,3100000,243400,739,2386,246525,0.07952419354838709,7.952419354838709,7.851612903225806,0.023838709677419356,0.07696774193548388,25,15-30s,4,0,41,,original sound,not verified,13,Thursday,afternoon (12-17),66.5674537037037
6902406836176162049,2020-12-04 14:23:51,23400,3139,135,49,3323,0.142008547008547,14.2008547008547,13.414529914529915,0.5769230769230769,0.2094017094017094,57,30s+,6,1,132,,original sound,not verified,14,Friday,afternoon (12-17),16.538020833333334
6907344809195736326,2020-12-17 21:45:54,64100,15700,465,231,16396,0.2557878315132605,25.57878315132605,24.492979719188767,0.7254290171606864,0.36037441497659906,24,15-30s,5,0,81,,original sound,not verified,21,Thursday,evening (18-23),3.2310416666666666
6900916467936529666,2020-11-30 14:00:24,194600,34900,6423,53,41376,0.2126207605344296,21.26207605344296,17.934224049331963,3.300616649537513,0.02723535457348407,14,<15s,0,0,72,,other sound,verified,14,Monday,afternoon (12-17),20.554305555555555
6881040494332366086,2020-10-08 00:32:06,558400,76100,2325,1097,79522,0.14241045845272207,14.241045845272208,13.628223495702006,0.4163681948424069,0.1964541547277937,15,15-30s,0,3,83,,other sound,verified,0,Thursday,night (0-5),74.115625
6879086409496497410,2020-10-02 18:08:38,215600,4194,73,29,4296,0.01992578849721707,1.992578849721707,1.9452690166975881,0.03385899814471243,0.013450834879406308,11,<15s,0,0,56,,original sound,not verified,18,Friday,evening (18-23),79.3819212962963
6899557108593773829,2020-11-26 22:05:49,270600,46500,902,243,47645,0.17607169253510718,17.60716925351072,17.184035476718403,0.3333333333333333,0.08980044345898004,28,15-30s,8,1,100,,other sound,not verified,22,Thursday,evening (18-23),24.217210648148146
6885654253826870530,2020-10-20 10:55:15,58400,5534,38,54,5626,0.09633561643835617,9.633561643835616,9.476027397260275,0.06506849315068493,0.09246575342465753,12,<15s,1,1,71,,other sound,not verified,10,Tuesday,morning (6-11),61.682881944444446
6884400510699343109,2020-10-17 01:50:38,1400000,106700,973,1901,109574,0.07826714285714285,7.826714285714285,7.621428571428571,0.0695,0.1357857142857143,12,<15s,2,0,52,,original sound,not verified,1,Saturday,night (0-5),65.06108796296296
6878791400289225985,2020-10-01 23:03:52,211800,2397,37,7,2441,0.011525023607176582,1.152502360717658,1.131728045325779,0.017469310670443813,0.0033050047214353163,7,<15s,1,0,13,,original sound,not verified,23,Thursday,evening (18-23),80.17689814814815
6895317957522541825,2020-11-15 11:55:20,420000,22200,1006,2541,25747,0.061302380952380955,6.130238095238096,5.285714285714286,0.23952380952380953,0.605,12,<15s,3,2,111,,other sound,verified,11,Sunday,morning (6-11),35.641157407407405
6878138606205029634,2020-09-30 04:50:42,3400000,98100,153,3214,101467,0.029843235294117646,2.9843235294117645,2.885294117647059,0.0045,0.09452941176470588,8,<15s,7,0,147,,original sound,not verified,4,Wednesday,night (0-5),81.93604166666667
6893521307023969538,2020-11-10 15:43:24,66100,8161,131,420,8712,0.13180030257186082,13.180030257186083,12.346444780635402,0.19818456883509833,0.6354009077155824,13,<15s,5,0,128,,original sound,not verified,15,Tuesday,afternoon (12-17),40.48277777777778
6901356285833252098,2020-12-01 18:27:08,31000,2308,97,74,2479,0.07996774193548387,7.9967741935483865,7.445161290322581,0.31290322580645163,0.23870967741935484,34,30s+,7,0,145,,other sound,not verified,18,Tuesday,evening (18-23),19.369074074074074
6876245387871587590,2020-09-25 02:24:39,462600,23200,102,3008,26310,0.05687418936446174,5.687418936446174,5.015131863380891,0.02204928664072633,0.6502377864245569,20,15-30s,11,0,137,,other sound,not verified,2,Friday,night (0-5),87.03746527777778
6881741305345592577,2020-10-09 21:51:01,179900,9136,43,134,9313,0.051767648693718735,5.1767648693718735,5.078376876042245,0.023902167871039465,0.0744858254585881,18,15-30s,8,0,96,,other sound,not verified,21,Friday,evening (18-23),72.22748842592593
6901026135119760642,2020-11-30 21:05:59,267300,21800,80,457,22337,0.08356528245417134,8.356528245417135,8.1556303778526,0.029928918817807706,0.17096894874672652,9,<15s,2,0,11,,original sound,not verified,21,Monday,evening (18-23),20.258761574074075
6900050539141270785,2020-11-28 06:00:11,1500000,148800,2044,1021,151865,0.10124333333333334,10.124333333333334,9.92,0.13626666666666667,0.06806666666666666,9,<15s,2,0,85,,original sound,verified,6,Saturday,morning (6-11),22.88778935185185
6876007447883042050,2020-09-24 11:00:42,23300,2914,19,165,3098,0.13296137339055794,13.296137339055795,12.506437768240342,0.0815450643776824,0.7081545064377682,10,<15s,4,0,36,,other sound,not verified,11,Thursday,morning (6-11),87.67909722222223
6877251331145370881,2020-09-27 19:27:36,32800,575,8,1,584,0.017804878048780486,1.7804878048780486,1.7530487804878048,0.024390243902439025,0.003048780487804878,9,<15s,4,0,92,,other sound,not verified,19,Sunday,evening (18-23),84.32708333333333
6892582021672013061,2020-11-08 02:59:00,122000,4823,39,74,4936,0.040459016393442626,4.045901639344263,3.9532786885245903,0.031967213114754096,0.060655737704918035,7,<15s,4,1,61,,original sound,not verified,2,Sunday,night (0-5),43.01361111111111
6895851157751680258,2020-11-16 22:24:27,79200,9030,239,63,9332,0.11782828282828282,11.782828282828282,11.401515151515152,0.30176767676767674,0.07954545454545454,8,<15s,14,0,138,,original sound,not verified,22,Monday,evening (18-23),34.20427083333333
6892685850996509953,2020-11-08 09:41:25,9615,1671,62,6,1739,0.18086323452938116,18.086323452938117,17.379095163806554,0.6448257930317213,0.062402496099843996,15,15-30s,0,0,23,,original sound,not verified,9,Sunday,morning (6-11),42.734155092592594
6890871255134752006,2020-11-03 12:23:31,78700,8302,84,119,8505,0.10806861499364676,10.806861499364675,10.54891994917408,0.10673443456162643,0.15120711562897077,13,<15s,4,0,47,,original sound,not verified,12,Tuesday,afternoon (12-17),47.62158564814815
6878751105589824770,2020-10-01 20:27:29,85600,580,0,256,836,0.009766355140186915,0.9766355140186915,0.677570093457944,0.0,0.29906542056074764,7,<15s,4,0,28,,other sound,not verified,20,Thursday,evening (18-23),80.28549768518519
6882153629034269957,2020-10-11 00:31:31,88300,3055,54,8,3117,0.03530011325028313,3.5300113250283127,3.4597961494903737,0.061155152887882216,0.009060022650056626,21,15-30s,3,0,68,,original sound,not verified,0,Sunday,night (0-5),71.1160300925926
6890336478094773505,2020-11-02 01:44:46,301200,79900,1941,2305,84146,0.2793691899070385,27.93691899070385,26.52722443559097,0.6444223107569721,0.7652722443559097,52,30s+,9,0,102,,original sound,not verified,1,Monday,night (0-5),49.065162037037034
6877747486451043590,2020-09-29 03:33:40,123900,32200,2186,215,34601,0.27926553672316384,27.926553672316384,25.98870056497175,1.7643260694108152,0.1735270379338176,53,30s+,17,1,149,,original sound,not verified,3,Tuesday,night (0-5),82.98953703703704
6904798749290286341,2020-12-11 01:05:55,24800,1504,65,4,1573,0.06342741935483871,6.342741935483871,6.064516129032258,0.2620967741935484,0.016129032258064516,7,<15s,4,0,67,,original sound,not verified,1,Friday,night (0-5),10.092141203703704
6891064220658502913,2020-11-04 00:48:41,191400,1744,290,194,2228,0.011640543364681295,1.1640543364681295,0.9111807732497388,0.15151515151515152,0.1013584117032393,8,<15s,2,0,147,,other sound,not verified,0,Wednesday,night (0-5),47.104108796296295
6900396011722689793,2020-11-29 04:20:47,70600,7064,102,103,7269,0.10296033994334278,10.296033994334278,10.005665722379604,0.14447592067988668,0.14589235127478753,41,30s+,9,0,138,,original sound,not verified,4,Sunday,night (0-5),21.95681712962963
6888849748615367937,2020-10-29 01:35:25,25400,1770,29,38,1837,0.07232283464566928,7.232283464566929,6.968503937007874,0.1141732283464567,0.14960629921259844,35,30s+,10,0,135,,original sound,not verified,1,Thursday,night (0-5),53.07165509259259
6891284879233879298,2020-11-04 15:04:56,5127,572,38,39,649,0.12658474741564268,12.658474741564268,11.15662180612444,0.7411741759313438,0.7606787595084845,12,<15s,0,0,0,,original sound,not verified,15,Wednesday,afternoon (12-17),46.50949074074074
6891256269898878209,2020-11-04 13:13:54,10300,515,18,0,533,0.05174757281553398,5.174757281553398,5.0,0.17475728155339806,0.0,10,<15s,1,0,145,,original sound,not verified,13,Wednesday,afternoon (12-17),46.586597222222224
6902555378651794690,2020-12-05 00:00:15,1100000,102000,644,6645,109289,0.09935363636363637,9.935363636363636,9.272727272727273,0.058545454545454546,0.6040909090909091,13,<15s,13,0,120,,other sound,not verified,0,Saturday,night (0-5),16.137743055555557
6907297390638714118,2020-12-17 18:41:58,90000,15700,142,125,15967,0.1774111111111111,17.74111111111111,17.444444444444443,0.15777777777777777,0.1388888888888889,58,30s+,12,0,149,,original sound,not verified,18,Thursday,evening (18-23),3.358773148148148
6898394169249762562,2020-11-23 18:52:36,38100,3402,26,14,3442,0.09034120734908137,9.034120734908138,8.929133858267717,0.06824146981627296,0.03674540682414698,12,<15s,11,0,141,,other sound,not verified,18,Monday,evening (18-23),27.351388888888888
6906519148025629953,2020-12-15 16:21:41,488800,46900,489,812,48201,0.09861088379705402,9.861088379705402,9.5949263502455,0.10004091653027823,0.16612111292962356,14,<15s,4,1,63,,original sound,not verified,16,Tuesday,afternoon (12-17),5.456192129629629
6900563923892800769,2020-11-29 15:12:21,87700,20200,333,543,21076,0.24031927023945268,24.03192702394527,23.033067274800455,0.37970353477765106,0.6191562143671607,32,30s+,5,0,77,,original sound,not verified,15,Sunday,afternoon (12-17),21.50434027777778
6906932916631129346,2020-12-16 19:07:19,43600,657,11,42,710,0.01628440366972477,1.6284403669724772,1.5068807339449541,0.02522935779816514,0.0963302752293578,8,<15s,3,0,39,,original sound,not verified,19,Wednesday,evening (18-23),4.341168981481482
6893741937132604673,2020-11-11 05:59:35,35000,2704,48,25,2777,0.07934285714285715,7.934285714285714,7.725714285714286,0.13714285714285715,0.07142857142857142,15,15-30s,3,0,75,,original sound,not verified,5,Wednesday,night (0-5),39.88820601851852
6899108523091823874,2020-11-25 17:04:40,259400,1269,10,29,1308,0.005042405551272167,0.5042405551272167,0.4892058596761758,0.0038550501156515036,0.01117964533538936,10,<15s,1,0,4,,original sound,not verified,17,Wednesday,afternoon (12-17),25.426342592592594
6876417380151479553,2020-09-25 13:31:27,2400000,229800,5260,10900,245960,0.10248333333333333,10.248333333333333,9.575,0.21916666666666668,0.45416666666666666,18,15-30s,1,0,36,,other sound,not verified,13,Friday,afternoon (12-17),86.57440972222223
6901063021955681541,2020-11-30 23:29:26,139900,5612,148,991,6751,0.04825589706933524,4.825589706933524,4.011436740528949,0.10578984989278056,0.7083631165117942,44,30s+,0,1,113,,other sound,not verified,23,Monday,evening (18-23),20.15914351851852
6884947969469156609,2020-10-18 13:14:28,2100000,89100,678,124,89902,0.04281047619047619,4.281047619047619,4.242857142857143,0.032285714285714286,0.005904761904761905,15,15-30s,10,1,140,,other sound,not verified,13,Sunday,afternoon (12-17),63.5862037037037
6896571117419416834,2020-11-18 20:58:20,157200,2471,10,7,2488,0.015826972010178117,1.5826972010178118,1.571882951653944,0.006361323155216285,0.004452926208651399,25,15-30s,11,0,113,,other sound,not verified,20,Wednesday,evening (18-23),32.264074074074074
6882079709484649729,2020-10-10 19:44:10,1800000,51000,522,3902,55424,0.03079111111111111,3.079111111111111,2.8333333333333335,0.029,0.2167777777777778,8,<15s,0,0,0,,original sound,not verified,19,Saturday,evening (18-23),71.31557870370371
6904651986059218178,2020-12-10 15:36:08,35100,2163,22,51,2236,0.0637037037037037,6.37037037037037,6.162393162393163,0.06267806267806268,0.1452991452991453,8,<15s,6,1,121,,other sound,not verified,15,Thursday,afternoon (12-17),10.487824074074075
6902724999757532418,2020-12-05 10:58:26,3600000,161200,0,55500,216700,0.060194444444444446,6.019444444444445,4.477777777777778,0.0,1.5416666666666667,15,15-30s,2,0,13,,other sound,not verified,10,Saturday,morning (6-11),15.680671296296296
6882854042016419074,2020-10-12 21:49:00,51100,6931,134,51,7116,0.13925636007827788,13.925636007827787,13.563600782778865,0.2622309197651663,0.09980430528375733,8,<15s,3,0,80,,other sound,not verified,21,Monday,evening (18-23),69.22888888888889
6892512401351085313,2020-11-07 22:28:21,2000000,171700,3770,11600,187070,0.093535,9.353499999999999,8.585,0.1885,0.58,5,<15s,0,1,19,,original sound,not verified,22,Saturday,evening (18-23),43.2015625
6882734270910188802,2020-10-12 14:04:12,36900,2125,38,573,2736,0.07414634146341463,7.414634146341463,5.7588075880758804,0.10298102981029811,1.5528455284552845,8,<15s,0,0,0,,original sound,not verified,14,Monday,afternoon (12-17),69.55166666666666
6884777374508911874,2020-10-18 02:12:30,188500,24000,134,481,24615,0.13058355437665783,13.058355437665783,12.73209549071618,0.07108753315649867,0.25517241379310346,11,<15s,6,0,123,,other sound,not verified,2,Sunday,night (0-5),64.04590277777778
6905063271129287938,2020-12-11 18:12:09,189700,13500,115,328,13943,0.0735002635740643,7.35002635740643,7.1164997364259355,0.06062203479177649,0.17290458618871904,26,15-30s,3,0,49,,original sound,not verified,18,Friday,evening (18-23),9.379479166666666
6908391851418471682,2020-12-20 17:28:43,226000,21200,301,239,21740,0.09619469026548673,9.619469026548673,9.380530973451327,0.1331858407079646,0.10575221238938053,24,15-30s,10,1,149,,original sound,not verified,17,Sunday,afternoon (12-17),0.4096412037037037
6899411373265063170,2020-11-26 12:39:53,28700,2287,63,22,2372,0.08264808362369339,8.264808362369338,7.968641114982578,0.21951219512195122,0.07665505226480836,15,15-30s,3,1,39,,original sound,not verified,12,Thursday,afternoon (12-17),24.61021990740741
6907540932682321153,2020-12-18 10:26:43,395100,30000,780,4415,35195,0.08907871424955707,8.907871424955708,7.593014426727411,0.19741837509491267,1.117438623133384,18,15-30s,5,0,59,,original sound,not verified,10,Friday,morning (6-11),2.7026967592592595
6884114945026411778,2020-10-16 07:21:56,1300000,39000,200,976,40176,0.030904615384615385,3.0904615384615384,3.0,0.015384615384615385,0.07507692307692308,12,<15s,6,0,43,,original sound,not verified,7,Friday,morning (6-11),65.83101851851852
6908143157616151813,2020-12-20 01:23:55,79600,5023,75,21,5119,0.06430904522613065,6.430904522613065,6.310301507537688,0.0942211055276382,0.026381909547738693,16,15-30s,4,0,63,,original sound,not verified,1,Sunday,night (0-5),1.0796412037037038
6890903823381056769,2020-11-03 14:26:14,530900,37000,67,1008,38075,0.07171783763420607,7.171783763420607,6.969297419476361,0.01262007911094368,0.18986626483330193,18,15-30s,6,0,76,,original sound,not verified,14,Tuesday,afternoon (12-17),47.53636574074074
6899852150793358594,2020-11-27 17:10:19,249400,15000,50,527,15577,0.062457898957497995,6.2457898957498,6.014434643143544,0.020048115477145148,0.21130713712910987,11,<15s,6,0,74,,original sound,not verified,17,Friday,afternoon (12-17),23.42241898148148
6891455289002839301,2020-11-05 02:06:42,184200,25100,319,148,25567,0.13880021715526603,13.880021715526603,13.626492942453854,0.1731813246471227,0.08034744842562432,9,<15s,11,0,144,,original sound,not verified,2,Thursday,night (0-5),46.049930555555555
6884574278134582529,2020-10-17 13:04:22,86200,6972,64,866,7902,0.09167053364269141,9.167053364269142,8.08816705336427,0.07424593967517401,1.0046403712296983,20,15-30s,6,0,75,,original sound,not verified,13,Saturday,afternoon (12-17),64.5932175925926
6878715680728911106,2020-10-01 18:10:02,35500,3412,128,56,3596,0.10129577464788732,10.129577464788731,9.611267605633802,0.36056338028169016,0.15774647887323945,29,15-30s,2,0,100,,original sound,not verified,18,Thursday,evening (18-23),80.38094907407407
6903178284012522754,2020-12-06 16:17:25,1200000,73300,583,313,74196,0.06183,6.183000000000001,6.108333333333333,0.04858333333333333,0.026083333333333333,16,15-30s,7,0,96,,original sound,not verified,16,Sunday,afternoon (12-17),14.459155092592592
6906503615284808961,2020-12-15 15:21:25,30100,4262,354,14,4630,0.15382059800664452,15.382059800664452,14.159468438538205,1.176079734219269,0.046511627906976744,10,<15s,15,0,137,,original sound,not verified,15,Tuesday,afternoon (12-17),5.498043981481482
6900196713852701954,2020-11-28 15:27:24,72100,7187,160,70,7417,0.10287101248266296,10.287101248266296,9.968099861303745,0.22191400832177532,0.0970873786407767,15,15-30s,3,0,68,,original sound,not verified,15,Saturday,afternoon (12-17),22.49388888888889
6881844264750353665,2020-10-10 04:30:33,434600,86200,1083,3311,90594,0.2084537505752416,20.84537505752416,19.834330418775885,0.24919466175793833,0.761849976990336,27,15-30s,9,0,94,,other sound,not verified,4,Saturday,night (0-5),71.95003472222223
6876827705950752005,2020-09-26 16:04:37,3900000,127000,1887,5722,134609,0.034515128205128205,3.4515128205128205,3.2564102564102564,0.04838461538461539,0.14671794871794872,21,15-30s,7,0,74,,original sound,not verified,16,Saturday,afternoon (12-17),85.46804398148149
6901719665584672005,2020-12-02 17:57:52,248000,13000,865,21,13886,0.05599193548387097,5.599193548387097,5.241935483870968,0.3487903225806452,0.008467741935483872,10,<15s,11,1,145,,original sound,not verified,17,Wednesday,afternoon (12-17),18.38939814814815
6886117069851479297,2020-10-21 16:51:12,34900,2187,27,6,2220,0.06361031518624642,6.3610315186246424,6.26647564469914,0.07736389684813753,0.017191977077363897,9,<15s,6,0,124,,original sound,not verified,16,Wednesday,afternoon (12-17),60.435694444444444
6879192624402582790,2020-10-03 01:01:19,2200000,311800,1344,21300,334444,0.15202,15.201999999999998,14.172727272727272,0.06109090909090909,0.9681818181818181,7,<15s,7,1,147,,original sound,not verified,1,Saturday,night (0-5),79.09533564814815
6896980233421933829,2020-11-19 23:26:20,54500,4310,200,190,4700,0.08623853211009175,8.623853211009175,7.908256880733945,0.3669724770642202,0.3486238532110092,42,30s+,5,1,102,,original sound,not verified,23,Thursday,evening (18-23),31.161296296296296
6879699550303538434,2020-10-04 09:47:56,18700,1411,27,24,1462,0.07818181818181819,7.818181818181818,7.545454545454546,0.1443850267379679,0.12834224598930483,14,<15s,0,0,0,,original sound,not verified,9,Sunday,morning (6-11),77.72962962962963
6881636686606912770,2020-10-09 15:05:01,19300,1257,4,5,1266,0.06559585492227979,6.559585492227979,6.512953367875648,0.02072538860103627,0.025906735751295335,25,15-30s,0,0,13,,original sound,not verified,15,Friday,afternoon (12-17),72.50943287037038
6893922308096937222,2020-11-11 17:40:17,79600,8501,60,46,8607,0.10812814070351759,10.81281407035176,10.67964824120603,0.07537688442211055,0.05778894472361809,13,<15s,10,1,120,,original sound,not verified,17,Wednesday,afternoon (12-17),39.401608796296294
6897011186349411586,2020-11-20 01:25:57,56300,2031,84,30,2145,0.03809946714031972,3.809946714031972,3.6074600355239785,0.1492007104795737,0.05328596802841918,7,<15s,6,0,109,,original sound,not verified,1,Friday,night (0-5),31.078229166666667
6906504850712907009,2020-12-15 15:26:12,11000,2489,29,22,2540,0.2309090909090909,23.09090909090909,22.62727272727273,0.2636363636363636,0.2,13,<15s,5,0,40,,original sound,not verified,15,Tuesday,afternoon (12-17),5.494722222222222
6905464131097332997,2020-12-12 20:07:57,34500,1443,52,4,1499,0.04344927536231884,4.344927536231884,4.182608695652174,0.15072463768115943,0.011594202898550725,40,30s+,16,0,148,,original sound,not verified,20,Saturday,evening (18-23),8.2990625
6904391764824608005,2020-12-09 22:46:40,76600,13500,168,516,14184,0.18516971279373368,18.51697127937337,17.62402088772846,0.2193211488250653,0.6736292428198434,59,30s+,1,0,8,,other sound,not verified,22,Wednesday,evening (18-23),11.188842592592593
6903934953705245954,2020-12-08 17:13:41,26600,3067,78,97,3242,0.1218796992481203,12.18796992481203,11.530075187969924,0.2932330827067669,0.36466165413533835,50,30s+,6,1,94,,original sound,not verified,17,Tuesday,afternoon (12-17),12.420081018518518
6907491921220947205,2020-12-18 07:17:47,54800,5715,114,70,5899,0.10764598540145985,10.764598540145984,10.428832116788321,0.20802919708029197,0.12773722627737227,11,<15s,7,0,53,,original sound,not verified,7,Friday,morning (6-11),2.833900462962963
6899884609530612993,2020-11-27 19:16:17,62900,7436,68,57,7561,0.1202066772655008,12.02066772655008,11.821939586645469,0.10810810810810811,0.09062003179650238,13,<15s,1,0,31,,other sound,not verified,19,Friday,evening (18-23),23.33494212962963
6883622094190497025,2020-10-14 23:29:34,62700,5559,41,8,5608,0.08944178628389154,8.944178628389155,8.866028708133971,0.06539074960127592,0.012759170653907496,7,<15s,5,0,54,,original sound,not verified,23,Wednesday,evening (18-23),67.15905092592592
6891424030172253442,2020-11-05 00:04:56,254300,28000,378,643,29021,0.11412111679119151,11.412111679119151,11.010617381046009,0.1486433346441211,0.25285096342902086,19,15-30s,9,0,84,,other sound,not verified,0,Thursday,night (0-5),46.13449074074074
6879452591953153282,2020-10-03 17:49:37,154600,48700,970,179,49849,0.3224385510996119,32.24385510996119,31.5006468305304,0.6274256144890039,0.11578266494178525,19,15-30s,12,0,113,,original sound,not verified,17,Saturday,afternoon (12-17),78.39512731481481
6891434870057340162,2020-11-05 00:47:00,42000,4141,140,132,4413,0.10507142857142857,10.507142857142856,9.85952380952381,0.3333333333333333,0.3142857142857143,13,<15s,4,0,51,,other sound,not verified,0,Thursday,night (0-5),46.10527777777778
6876862444988402945,2020-09-26 18:18:32,49600,6015,64,105,6184,0.12467741935483871,12.467741935483872,12.127016129032258,0.12903225806451613,0.21169354838709678,11,<15s,0,0,0,,other sound,not verified,18,Saturday,evening (18-23),85.37504629629629
6885246252078910722,2020-10-19 08:32:00,3400000,11900,52,87,12039,0.0035408823529411763,0.35408823529411765,0.35,0.0015294117647058824,0.002558823529411765,15,15-30s,3,0,20,,original sound,not verified,8,Monday,morning (6-11),62.78236111111111
6879769716567657730,2020-10-04 14:20:13,1200000,83700,1501,1890,87091,0.07257583333333334,7.257583333333334,6.975,0.12508333333333332,0.1575,17,15-30s,4,0,28,,original sound,not verified,14,Sunday,afternoon (12-17),77.54054398148148
6890571273110392065,2020-11-02 16:55:47,68700000,5000000,12200,110900,5123100,0.07457205240174672,7.457205240174672,7.27802037845706,0.017758369723435224,0.16142649199417758,14,<15s,2,0,39,,original sound,not verified,16,Monday,afternoon (12-17),48.43251157407408
6906940104053476609,2020-12-16 19:35:13,53500,14900,33,50,14983,0.28005607476635513,28.005607476635515,27.850467289719628,0.0616822429906542,0.09345794392523364,8,<15s,0,0,19,,original sound,not verified,19,Wednesday,evening (18-23),4.321793981481481
6889412974012943618,2020-10-30 14:00:59,818700,15400,372,5230,21002,0.025652864297056308,2.5652864297056306,1.8810309026505436,0.04543788933675339,0.638817637718334,6,<15s,10,0,119,,original sound,not verified,14,Friday,afternoon (12-17),51.553900462962964
6896965832933477638,2020-11-19 22:30:30,349800,67400,1687,2619,71706,0.20499142367066894,20.499142367066895,19.268153230417383,0.482275586049171,0.7487135506003431,18,15-30s,5,0,61,,original sound,not verified,22,Thursday,evening (18-23),31.200069444444445
6907668397484559617,2020-12-18 18:41:21,32600,2445,183,120,2748,0.08429447852760737,8.429447852760736,7.5,0.5613496932515337,0.36809815950920244,10,<15s,7,1,145,,original sound,not verified,18,Friday,evening (18-23),2.3592013888888888
6899729878560656641,2020-11-27 09:15:51,30500,8243,315,223,8781,0.2879016393442623,28.79016393442623,27.02622950819672,1.0327868852459017,0.7311475409836066,9,<15s,10,0,130,,other sound,not verified,9,Friday,morning (6-11),23.751909722222223
6900566632859585793,2020-11-29 15:22:53,622700,74300,1440,610,76350,0.12261120925004015,12.261120925004015,11.93190942669022,0.23125100369359242,0.09796049462020234,10,<15s,5,0,78,,original sound,not verified,15,Sunday,afternoon (12-17),21.497025462962963
6901723835310116101,2020-12-02 18:14:09,62000,5021,549,29,5599,0.09030645161290322,9.030645161290323,8.098387096774193,0.885483870967742,0.0467741935483871,9,<15s,1,0,83,,original sound,not verified,18,Wednesday,evening (18-23),18.378090277777776
6885293067562192130,2020-10-19 11:33:38,169000,12300,207,173,12680,0.07502958579881656,7.502958579881656,7.27810650887574,0.12248520710059171,0.10236686390532544,15,15-30s,3,0,118,,other sound,not verified,11,Monday,morning (6-11),62.656226851851855
6906649897869659394,2020-12-16 00:49:08,218500,16700,724,6108,23532,0.1076979405034325,10.769794050343249,7.643020594965675,0.331350114416476,2.7954233409610985,29,15-30s,0,0,0,,original sound,not verified,0,Wednesday,night (0-5),5.103796296296296
6904422505843363077,2020-12-10 00:45:59,178400,28100,488,206,28794,0.16140134529147981,16.140134529147982,15.751121076233185,0.273542600896861,0.11547085201793722,15,15-30s,4,0,101,,original sound,not verified,0,Thursday,night (0-5),11.105983796296297
6889521523833474305,2020-10-30 21:02:13,914000,50900,300,1968,53168,0.05817067833698031,5.817067833698031,5.568927789934355,0.03282275711159737,0.21531728665207878,11,<15s,4,0,44,,original sound,not verified,21,Friday,evening (18-23),51.261377314814816
6892711484695121153,2020-11-08 11:20:53,172200,12800,520,287,13607,0.07901858304297328,7.9018583042973285,7.4332171893147505,0.30197444831591175,0.16666666666666666,15,15-30s,9,0,76,,original sound,not verified,11,Sunday,morning (6-11),42.66508101851852
6904148139716955394,2020-12-09 07:00:58,309300,40900,417,450,41767,0.1350371807306822,13.50371807306822,13.223407694794698,0.13482056256062075,0.1454898157129001,10,<15s,5,1,82,,original sound,not verified,7,Wednesday,morning (6-11),11.845578703703703
6897699752469695745,2020-11-21 21:57:56,78100,7407,41,28,7476,0.09572343149807938,9.572343149807939,9.483994878361075,0.052496798975672214,0.03585147247119078,30,30s+,5,0,77,,original sound,not verified,21,Saturday,evening (18-23),29.222685185185185
6899489414460837121,2020-11-26 17:42:43,41800,2266,25,12,2303,0.05509569377990431,5.509569377990431,5.421052631578948,0.05980861244019139,0.028708133971291867,7,<15s,4,0,86,,original sound,not verified,17,Thursday,afternoon (12-17),24.39991898148148
6907971568165604610,2020-12-19 14:17:48,29900000,3900000,61200,164700,4125900,0.13798996655518395,13.798996655518394,13.043478260869565,0.20468227424749164,0.5508361204013378,8,<15s,6,1,50,,original sound,not verified,14,Saturday,afternoon (12-17),1.5422222222222222
6905755896115236098,2020-12-13 14:59:52,116600,4739,56,13,4808,0.04123499142367067,4.123499142367066,4.064322469982847,0.048027444253859346,0.011149228130360206,12,<15s,2,1,82,,original sound,not verified,14,Sunday,afternoon (12-17),7.51300925925926
6896497936558001410,2020-11-18 16:14:15,360800,35600,419,1247,37266,0.10328713968957871,10.32871396895787,9.866962305986696,0.11613082039911309,0.3456208425720621,24,15-30s,6,0,112,,original sound,not verified,16,Wednesday,afternoon (12-17),32.461354166666666
6878796954650889473,2020-10-01 23:25:27,152400,43400,702,539,44641,0.2929199475065617,29.29199475065617,28.477690288713912,0.46062992125984253,0.3536745406824147,23,15-30s,17,0,146,,original sound,not verified,23,Thursday,evening (18-23),80.16190972222222
6878590867968380162,2020-10-01 10:05:41,327900,33000,156,80,33236,0.10136017078377554,10.136017078377554,10.064043915827996,0.04757548032936871,0.024397682220189083,33,30s+,11,0,112,,other sound,not verified,10,Thursday,morning (6-11),80.71730324074075
6882735576160783617,2020-10-12 14:09:16,747400,48300,1252,559,50111,0.06704709660155204,6.7047096601552045,6.462402997056462,0.16751404870216752,0.0747926143965748,56,30s+,9,1,147,,original sound,not verified,14,Monday,afternoon (12-17),69.54814814814814
6879809686552530178,2020-10-04 16:55:19,170500,12000,942,269,13211,0.07748387096774194,7.748387096774194,7.038123167155425,0.5524926686217009,0.15777126099706745,7,<15s,9,5,136,,original sound,not verified,16,Sunday,afternoon (12-17),77.43283564814814
6904066579655396610,2020-12-09 01:44:29,48600,2698,185,134,3017,0.06207818930041152,6.207818930041152,5.551440329218107,0.38065843621399176,0.2757201646090535,15,15-30s,3,0,66,,original sound,not verified,1,Wednesday,night (0-5),12.065358796296296
6905139893425474818,2020-12-11 23:09:31,38500,3373,121,27,3521,0.09145454545454546,9.145454545454545,8.761038961038961,0.3142857142857143,0.07012987012987013,15,15-30s,2,0,102,,original sound,not verified,23,Friday,evening (18-23),9.172974537037037
6888341759622008066,2020-10-27 16:44:07,10100,1090,50,7,1147,0.11356435643564357,11.356435643564357,10.792079207920793,0.49504950495049505,0.06930693069306931,8,<15s,14,0,135,,original sound,not verified,16,Tuesday,afternoon (12-17),54.440613425925925
6883948403730992386,2020-10-15 20:35:40,133100,9950,52,2014,12016,0.09027798647633359,9.02779864763336,7.475582268970698,0.03906836964688205,1.5131480090157776,13,<15s,1,0,14,,other sound,not verified,20,Thursday,evening (18-23),66.27981481481481
6876130849683770625,2020-09-24 18:59:34,61300,2992,27,0,3019,0.04924959216965742,4.924959216965743,4.8809135399673735,0.04404567699836868,0.0,17,15-30s,0,0,118,,other sound,not verified,18,Thursday,evening (18-23),87.34655092592592
6902103334392450306,2020-12-03 18:46:04,47900,2232,27,19,2278,0.04755741127348643,4.755741127348643,4.659707724425887,0.05636743215031315,0.03966597077244259,4,<15s,6,1,111,,original sound,not verified,18,Thursday,evening (18-23),17.355925925925927
6893536744218627330,2020-11-10 16:43:19,53400,8284,247,201,8732,0.16352059925093632,16.35205992509363,15.513108614232209,0.46254681647940077,0.37640449438202245,29,15-30s,7,0,77,,original sound,not verified,16,Tuesday,afternoon (12-17),40.44116898148148
6892096873453145350,2020-11-06 19:36:37,53600,5814,390,35,6239,0.11639925373134329,11.639925373134329,10.847014925373134,0.7276119402985075,0.06529850746268656,13,<15s,2,0,18,,original sound,not verified,19,Friday,evening (18-23),44.32082175925926
6881250870374321414,2020-10-08 14:09:26,81900,10000,112,18,10130,0.12368742368742369,12.36874236874237,12.21001221001221,0.13675213675213677,0.02197802197802198,54,30s+,11,1,124,,other sound,not verified,14,Thursday,afternoon (12-17),73.5480324074074
6899109657395219717,2020-11-25 17:09:29,60700,11300,231,152,11683,0.19247116968698516,19.247116968698517,18.616144975288304,0.3805601317957166,0.2504118616144975,32,30s+,0,1,18,,original sound,not verified,17,Wednesday,afternoon (12-17),25.422997685185184
6900701600440978694,2020-11-30 00:07:08,65200,2428,33,78,2539,0.03894171779141104,3.894171779141104,3.723926380368098,0.05061349693251534,0.1196319018404908,15,15-30s,4,0,58,,original sound,not verified,0,Monday,night (0-5),21.132962962962964
6883458545451388161,2020-10-14 12:54:45,35900,893,18,1,912,0.025403899721448468,2.5403899721448466,2.487465181058496,0.05013927576601671,0.002785515320334262,13,<15s,0,1,21,,original sound,not verified,12,Wednesday,afternoon (12-17),67.59989583333333
6882920923314326785,2020-10-13 02:08:32,41600,3854,91,46,3991,0.0959375,9.59375,9.264423076923077,0.21875,0.11057692307692307,52,30s+,9,0,126,,original sound,not verified,2,Tuesday,night (0-5),69.0486574074074
6892201986381335810,2020-11-07 02:23:47,36600,3260,31,66,3357,0.09172131147540984,9.172131147540984,8.907103825136613,0.08469945355191257,0.18032786885245902,52,30s+,11,0,132,,other sound,not verified,2,Saturday,night (0-5),44.03806712962963
6901795238021696769,2020-12-02 22:50:31,1100000,179600,6389,5317,191306,0.17391454545454546,17.391454545454547,16.327272727272728,0.5808181818181818,0.4833636363636364,16,15-30s,1,1,21,,original sound,not verified,22,Wednesday,evening (18-23),18.186168981481483
6902294648451075330,2020-12-04 07:08:29,6046,168,14,8,190,0.0314257360238174,3.14257360238174,2.778696658948065,0.23155805491233875,0.13231888852133641,15,15-30s,7,0,77,,original sound,not verified,7,Friday,morning (6-11),16.840358796296297
6879223075980741889,2020-10-03 02:58:59,24900,2746,58,8,2812,0.11293172690763052,11.293172690763052,11.028112449799197,0.23293172690763053,0.0321285140562249,59,30s+,0,1,81,,original sound,not verified,2,Saturday,night (0-5),79.01362268518518
6907211930755271942,2020-12-17 13:11:00,66800,5715,73,53,5841,0.08744011976047904,8.744011976047904,8.555389221556887,0.1092814371257485,0.07934131736526946,12,<15s,5,1,100,,original sound,not verified,13,Thursday,afternoon (12-17),3.588611111111111
6895756274844077314,2020-11-16 16:16:14,103300,8831,238,117,9186,0.08892545982575024,8.892545982575024,8.548886737657309,0.23039690222652467,0.1132623426911907,14,<15s,4,0,73,,original sound,not verified,16,Monday,afternoon (12-17),34.45997685185185
6877981740690935041,2020-09-29 18:41:58,465,13,0,10,23,0.04946236559139785,4.946236559139785,2.795698924731183,0.0,2.150537634408602,14,<15s,0,0,0,,original sound,not verified,18,Tuesday,evening (18-23),82.35877314814815
6888674709433535745,2020-10-28 14:16:08,3637,570,3,0,573,0.15754742919989,15.754742919989,15.672257354962882,0.08248556502612042,0.0,6,<15s,7,0,87,,original sound,not verified,14,Wednesday,afternoon (12-17),53.54337962962963
6892822437671570690,2020-11-08 18:31:27,1500000,426100,5574,6805,438479,0.2923193333333333,29.23193333333333,28.406666666666666,0.3716,0.45366666666666666,23,15-30s,12,0,144,,original sound,not verified,18,Sunday,evening (18-23),42.36607638888889
6903924035164376321,2020-12-08 16:31:18,762500,36100,1108,383,37591,0.04929967213114754,4.929967213114754,4.7344262295081965,0.14531147540983608,0.05022950819672131,9,<15s,0,1,42,,other sound,not verified,16,Tuesday,afternoon (12-17),12.44951388888889
6904966483730894082,2020-12-11 11:56:33,65700,2462,18,5,2485,0.0378234398782344,3.7823439878234404,3.747336377473364,0.0273972602739726,0.0076103500761035,15,15-30s,7,0,148,,other sound,not verified,11,Friday,morning (6-11),9.6403125
6905408660185320706,2020-12-12 16:32:25,75900,11500,709,533,12742,0.16787878787878788,16.78787878787879,15.151515151515152,0.9341238471673254,0.7022397891963109,59,30s+,0,0,20,,original sound,not verified,16,Saturday,afternoon (12-17),8.448738425925926
6880924024227040513,2020-10-07 16:59:31,547700,36700,7568,489,44757,0.08171809384699653,8.171809384699653,6.700748584991784,1.38177834580975,0.08928245389811941,12,<15s,4,0,69,,other sound,not verified,16,Wednesday,afternoon (12-17),74.42991898148148
6901216792186785025,2020-12-01 09:25:50,1600000,116200,4367,3338,123905,0.077440625,7.7440625,7.2625,0.2729375,0.208625,10,<15s,6,0,93,,other sound,not verified,9,Tuesday,morning (6-11),19.744976851851852
6897030279106530561,2020-11-20 02:40:02,99500,12600,133,632,13365,0.13432160804020102,13.432160804020102,12.663316582914574,0.13366834170854272,0.6351758793969849,14,<15s,4,0,61,,original sound,not verified,2,Friday,night (0-5),31.026782407407406
6904236597529595138,2020-12-09 12:44:12,40300,262,13,22,297,0.007369727047146402,0.7369727047146402,0.6501240694789082,0.03225806451612903,0.05459057071960298,19,15-30s,6,0,86,,original sound,not verified,12,Wednesday,afternoon (12-17),11.607222222222223
6888809548895849734,2020-10-28 22:59:59,95200,10200,297,55,10552,0.11084033613445378,11.084033613445378,10.714285714285714,0.3119747899159664,0.05777310924369748,16,15-30s,10,0,107,,other sound,not verified,22,Wednesday,evening (18-23),53.179594907407406
6898373135121321218,2020-11-23 17:30:59,47200,3307,78,25,3410,0.0722457627118644,7.22457627118644,7.00635593220339,0.1652542372881356,0.05296610169491525,15,15-30s,2,0,99,,original sound,not verified,17,Monday,afternoon (12-17),27.40806712962963
6902725442260749570,2020-12-05 11:00:09,127200,4193,13,12,4218,0.03316037735849057,3.316037735849057,3.2963836477987423,0.010220125786163521,0.009433962264150943,8,<15s,9,0,112,,original sound,not verified,11,Saturday,morning (6-11),15.679479166666667
6901833660224326914,2020-12-03 01:19:37,35800,700,68,8,776,0.021675977653631284,2.167597765363128,1.9553072625698324,0.18994413407821228,0.0223463687150838,9,<15s,5,0,62,,original sound,not verified,1,Thursday,night (0-5),18.082627314814815
6896943341666127105,2020-11-19 21:02:40,974900,76600,3254,2596,82450,0.08457277669504565,8.457277669504565,7.8572161247307415,0.33377782336649914,0.2662837214073238,47,30s+,6,0,90,,original sound,not verified,21,Thursday,evening (18-23),31.261064814814816
6882388794671107330,2020-10-11 15:43:34,76500,10900,163,5,11068,0.14467973856209151,14.467973856209152,14.248366013071895,0.2130718954248366,0.006535947712418301,8,<15s,2,0,42,,original sound,not verified,15,Sunday,afternoon (12-17),70.48266203703703
6897420741642390789,2020-11-21 03:55:46,97100,2111,37,44,2192,0.022574665293511844,2.257466529351184,2.174047373841401,0.03810504634397528,0.04531410916580844,8,<15s,12,0,134,,other sound,not verified,3,Saturday,night (0-5),29.974189814814814
6904692946486971649,2020-12-10 18:15:05,142600,1475,0,27,1502,0.01053295932678822,1.053295932678822,1.0343618513323982,0.0,0.018934081346423562,12,<15s,0,0,0,,original sound,not verified,18,Thursday,evening (18-23),10.37744212962963
6889402787612937473,2020-10-30 13:21:27,36000,1870,60,9,1939,0.05386111111111111,5.386111111111111,5.194444444444445,0.16666666666666666,0.025,6,<15s,0,0,0,,original sound,not verified,13,Friday,afternoon (12-17),51.581354166666664
6897699853720161542,2020-11-21 21:58:47,194900,19000,801,152,19953,0.10237557721908672,10.237557721908672,9.748589020010261,0.41097998973832733,0.07798871216008209,15,15-30s,4,0,82,,other sound,not verified,21,Saturday,evening (18-23),29.222094907407406
6878973704689175809,2020-10-02 10:51:17,110300,2031,59,208,2298,0.02083408884859474,2.083408884859474,1.8413417951042612,0.05349048050770626,0.1885766092475068,6,<15s,7,0,93,,original sound,not verified,10,Friday,morning (6-11),79.68563657407407
6891751258835750146,2020-11-05 21:14:44,662900,34500,77,32,34609,0.05220847790013577,5.220847790013576,5.204404887615025,0.011615628299894404,0.004827274098657414,17,15-30s,1,2,77,,original sound,verified,21,Thursday,evening (18-23),45.252685185185186
6875528457388903681,2020-09-23 04:02:02,32000,890,2,1,893,0.02790625,2.790625,2.78125,0.00625,0.003125,15,15-30s,0,0,3,,original sound,not verified,4,Wednesday,night (0-5),88.96983796296297
6904182931909004545,2020-12-09 09:15:58,37500,4221,77,78,4376,0.11669333333333333,11.669333333333332,11.256,0.20533333333333334,0.208,10,<15s,5,0,88,,original sound,not verified,9,Wednesday,morning (6-11),11.751828703703703
6895048600355704070,2020-11-14 18:30:39,75300,27400,475,156,28031,0.37225763612217794,37.2257636122178,36.387782204515275,0.6308100929614874,0.20717131474103587,15,15-30s,7,0,146,,original sound,not verified,18,Saturday,evening (18-23),36.36663194444444
6894591131565247745,2020-11-13 12:54:52,75800,5124,69,953,6146,0.08108179419525066,8.108179419525067,6.759894459102902,0.09102902374670185,1.2572559366754616,21,15-30s,11,0,135,,original sound,not verified,12,Friday,afternoon (12-17),37.59981481481481
6903190549960920321,2020-12-06 17:05:01,80800,7418,108,464,7990,0.09888613861386139,9.888613861386139,9.180693069306932,0.13366336633663367,0.5742574257425742,25,15-30s,5,3,141,,original sound,not verified,17,Sunday,afternoon (12-17),14.426099537037038
6904823810994818310,2020-12-11 02:43:10,123400,13400,70,781,14251,0.11548622366288493,11.548622366288493,10.85899513776337,0.05672609400324149,0.63290113452188,15,15-30s,5,0,77,,original sound,not verified,2,Friday,night (0-5),10.02460648148148
6891318229881343234,2020-11-04 17:14:21,140300,20300,474,161,20935,0.149215965787598,14.9215965787598,14.468995010691376,0.3378474697077691,0.11475409836065574,5,<15s,0,0,47,,original sound,not verified,17,Wednesday,afternoon (12-17),46.41961805555555
6875691073499352321,2020-09-23 14:33:01,127900,7326,141,48,7515,0.05875684128225176,5.875684128225176,5.7279124315871774,0.11024237685691947,0.03752931978107897,15,15-30s,0,1,17,,original sound,not verified,14,Wednesday,afternoon (12-17),88.53165509259259
6905110082913045762,2020-12-11 21:13:48,54800,7207,119,262,7588,0.13846715328467155,13.846715328467155,13.151459854014599,0.21715328467153286,0.4781021897810219,9,<15s,7,0,123,,original sound,not verified,21,Friday,evening (18-23),9.253333333333334
6879055195330858245,2020-10-02 16:08:10,78500,6858,169,48,7075,0.09012738853503184,9.012738853503183,8.736305732484077,0.21528662420382166,0.061146496815286625,36,30s+,10,0,115,,original sound,not verified,16,Friday,afternoon (12-17),79.4655787037037
6879703604249332993,2020-10-04 10:03:40,25100,2018,2,5,2025,0.08067729083665338,8.067729083665338,8.0398406374502,0.00796812749003984,0.0199203187250996,22,15-30s,1,0,3,,original sound,not verified,10,Sunday,morning (6-11),77.71870370370371
6880839179677256962,2020-10-07 11:30:17,70600,5134,12,21,5167,0.0731869688385269,7.318696883852691,7.2719546742209635,0.0169971671388102,0.029745042492917848,15,15-30s,6,0,100,,original sound,not verified,11,Wednesday,morning (6-11),74.65855324074074
6887869748458130690,2020-10-26 10:12:29,3378,149,42,62,253,0.0748963883955003,7.48963883955003,4.410894020130255,1.2433392539964476,1.8354055654233274,11,<15s,6,0,88,,original sound,not verified,10,Monday,morning (6-11),55.71258101851852
6887581168858893569,2020-10-25 15:32:38,13000,1593,54,4,1651,0.127,12.7,12.253846153846155,0.4153846153846154,0.03076923076923077,9,<15s,4,0,104,,other sound,not verified,15,Sunday,afternoon (12-17),56.49025462962963
6890298155766697221,2020-11-01 23:16:28,136100,9588,75,77,9740,0.07156502571638501,7.156502571638502,7.0448199853049225,0.055106539309331376,0.05657604702424688,15,15-30s,1,1,95,,original sound,not verified,23,Sunday,evening (18-23),49.16814814814815
6891240671357816065,2020-11-04 12:13:23,134900,11900,21,15,11936,0.08848035581912528,8.848035581912528,8.82134914751668,0.015567086730911787,0.01111934766493699,20,15-30s,0,0,23,,original sound,not verified,12,Wednesday,afternoon (12-17),46.628622685185185
6900235731059494145,2020-11-28 17:58:48,27900,1086,7,13,1106,0.0396415770609319,3.9641577060931903,3.89247311827957,0.025089605734767026,0.04659498207885305,9,<15s,4,0,60,,original sound,not verified,17,Saturday,afternoon (12-17),22.38875
6877869447999245569,2020-09-29 11:26:12,332900,23200,124,514,23838,0.07160708921598077,7.1607089215980775,6.969059777711024,0.037248422949834784,0.15440072093721838,15,15-30s,6,0,103,,original sound,verified,11,Tuesday,morning (6-11),82.6613888888889
6877774951361875201,2020-09-29 05:19:31,64700,9254,22,2,9278,0.14340030911901083,14.340030911901083,14.302936630602781,0.03400309119010819,0.0030911901081916537,8,<15s,9,0,129,,original sound,not verified,5,Tuesday,night (0-5),82.91603009259259
6878710443926473986,2020-10-01 17:49:42,155000,13800,142,14,13956,0.09003870967741935,9.003870967741936,8.903225806451612,0.09161290322580645,0.00903225806451613,5,<15s,5,0,75,,original sound,verified,17,Thursday,afternoon (12-17),80.39506944444445
6889437057261866242,2020-10-30 15:34:26,37700,738,19,48,805,0.021352785145888595,2.1352785145888595,1.9575596816976126,0.050397877984084884,0.1273209549071618,10,<15s,6,0,91,,original sound,not verified,15,Friday,afternoon (12-17),51.489004629629626
6896548159820926209,2020-11-18 19:29:09,19800,1861,4,2,1867,0.09429292929292929,9.429292929292929,9.3989898989899,0.020202020202020204,0.010101010101010102,13,<15s,0,0,35,,original sound,not verified,19,Wednesday,evening (18-23),32.326006944444444
6888059613158362369,2020-10-26 22:29:17,56100,6682,34,11,6727,0.1199108734402852,11.99108734402852,11.910873440285204,0.06060606060606061,0.0196078431372549,15,15-30s,9,0,113,,original sound,not verified,22,Monday,evening (18-23),55.20091435185185
6883165648290139394,2020-10-13 17:58:11,7090,1194,8,1,1203,0.1696755994358251,16.96755994358251,16.84062059238364,0.11283497884344147,0.014104372355430184,15,15-30s,11,0,146,,original sound,not verified,17,Tuesday,afternoon (12-17),68.38917824074075
6894039333100129537,2020-11-12 01:13:39,32800,3576,40,26,3642,0.11103658536585366,11.103658536585366,10.902439024390244,0.12195121951219512,0.07926829268292683,5,<15s,4,0,96,,original sound,not verified,1,Thursday,night (0-5),39.08677083333333
6895491816532069637,2020-11-15 23:10:31,106200,6239,89,53,6381,0.06008474576271187,6.008474576271187,5.874764595103578,0.08380414312617702,0.04990583804143126,9,<15s,10,0,125,,other sound,not verified,23,Sunday,evening (18-23),35.172280092592594
6897270609915661569,2020-11-20 18:12:38,70800,1882,24,26,1932,0.02728813559322034,2.7288135593220337,2.65819209039548,0.03389830508474576,0.03672316384180791,7,<15s,4,0,46,,original sound,not verified,18,Friday,evening (18-23),30.379143518518518
6899964626478320902,2020-11-28 00:27:19,87400,11800,476,58,12334,0.1411212814645309,14.11212814645309,13.501144164759726,0.5446224256292906,0.06636155606407322,9,<15s,4,0,106,,original sound,not verified,0,Saturday,night (0-5),23.11894675925926
6886904360207469825,2020-10-23 19:46:18,47200,12600,158,40,12798,0.27114406779661016,27.114406779661017,26.694915254237287,0.3347457627118644,0.0847457627118644,15,15-30s,5,0,124,,original sound,verified,19,Friday,evening (18-23),58.31409722222222
6895388317680946433,2020-11-15 16:28:22,49000,208,3,7,218,0.004448979591836735,0.4448979591836735,0.42448979591836733,0.006122448979591836,0.014285714285714285,8,<15s,0,0,74,,original sound,not verified,16,Sunday,afternoon (12-17),35.45155092592593
6904040351607147781,2020-12-09 00:03:13,694100,84500,988,2179,87667,0.12630312635066993,12.630312635066993,12.174038323008212,0.14234260193055756,0.3139317101282236,59,30s+,2,0,107,,original sound,not verified,0,Wednesday,night (0-5),12.13568287037037
6907193077371309313,2020-12-17 11:56:52,47400,3066,171,60,3297,0.06955696202531646,6.955696202531645,6.468354430379747,0.36075949367088606,0.12658227848101267,10,<15s,0,0,0,,original sound,not verified,11,Thursday,morning (6-11),3.6400925925925924
6890591494126718210,2020-11-02 18:14:15,71300,1620,25,0,1645,0.023071528751753157,2.3071528751753156,2.2720897615708275,0.03506311360448808,0.0,10,<15s,7,0,69,,other sound,not verified,18,Monday,evening (18-23),48.37802083333333
6898859679217143046,2020-11-25 00:59:29,675400,71000,256,724,71980,0.10657388214391472,10.657388214391473,10.512289013917679,0.03790346461356233,0.10719573586023097,15,15-30s,3,0,61,,other sound,not verified,0,Wednesday,night (0-5),26.096608796296298
6879407225769692418,2020-10-03 14:53:34,79000,5479,95,131,5705,0.07221518987341773,7.2215189873417724,6.935443037974683,0.12025316455696203,0.16582278481012658,15,15-30s,6,0,40,,original sound,not verified,14,Saturday,afternoon (12-17),78.51738425925926
6878676626108992769,2020-10-01 15:38:28,159000,21800,170,367,22337,0.14048427672955974,14.048427672955974,13.71069182389937,0.1069182389937107,0.23081761006289309,26,15-30s,5,1,100,,other sound,verified,15,Thursday,afternoon (12-17),80.48620370370371
6898452394418523398,2020-11-23 22:39:02,723100,37100,533,459,38092,0.052678744295394826,5.267874429539483,5.130687318489835,0.07371041349744158,0.06347669755220578,17,15-30s,2,1,47,,original sound,not verified,22,Monday,evening (18-23),27.19414351851852
6893869437884091649,2020-11-11 14:14:20,321400,46100,199,31,46330,0.144150591163659,14.4150591163659,14.34349719975109,0.06191661481020535,0.009645301804604853,13,<15s,3,0,53,,original sound,verified,14,Wednesday,afternoon (12-17),39.54462962962963
6904396013923060994,2020-12-09 23:02:51,190200,20500,256,317,21073,0.11079390115667719,11.079390115667719,10.778128286014722,0.13459516298633017,0.16666666666666666,10,<15s,3,0,69,,original sound,not verified,23,Wednesday,evening (18-23),11.177604166666667
6902459846260559106,2020-12-04 17:49:31,26900,2029,27,8,2064,0.07672862453531598,7.672862453531598,7.5427509293680295,0.10037174721189591,0.02973977695167286,14,<15s,9,0,139,,other sound,not verified,17,Friday,afternoon (12-17),16.39519675925926
6890655206644747522,2020-11-02 22:21:30,690100,28400,117,144,28661,0.04153166207795972,4.153166207795972,4.115345602086654,0.01695406462831474,0.020866541081002752,13,<15s,6,0,88,,original sound,not verified,22,Monday,evening (18-23),48.206319444444446
6907670356887211265,2020-12-18 18:48:58,289800,8042,208,785,9035,0.031176673567977917,3.1176673567977917,2.775017253278123,0.07177363699102829,0.27087646652864045,15,15-30s,4,1,66,,original sound,not verified,18,Friday,evening (18-23),2.353912037037037
6877796349459336450,2020-09-29 06:42:33,9247,1091,15,122,1228,0.13279982697090947,13.279982697090947,11.798421109549043,0.1622147723586028,1.3193468151833028,41,30s+,0,0,0,,original sound,not verified,6,Tuesday,morning (6-11),82.85836805555556
6892072950648802561,2020-11-06 18:03:03,484,22,2,0,24,0.049586776859504134,4.958677685950414,4.545454545454546,0.4132231404958678,0.0,10,<15s,11,0,112,,other sound,not verified,18,Friday,evening (18-23),44.38579861111111
6895710777043455234,2020-11-16 13:19:40,84100,4045,224,377,4646,0.055243757431629015,5.524375743162901,4.80975029726516,0.26634958382877527,0.4482758620689655,11,<15s,1,2,69,,original sound,not verified,13,Monday,afternoon (12-17),34.58259259259259
6889105902234864901,2020-10-29 18:10:12,74700,7226,96,16,7338,0.09823293172690763,9.823293172690763,9.673360107095046,0.1285140562248996,0.0214190093708166,17,15-30s,10,0,102,,original sound,not verified,18,Thursday,evening (18-23),52.380833333333335
6901387960424484097,2020-12-01 20:30:03,889700,102800,745,6206,109751,0.12335731145329887,12.335731145329888,11.554456558390468,0.08373609081712936,0.6975384961222885,9,<15s,2,1,47,,original sound,not verified,20,Tuesday,evening (18-23),19.283715277777777
6907974329305156866,2020-12-19 14:28:31,294700,31100,880,1313,33293,0.11297251442144554,11.297251442144555,10.553104852392263,0.2986087546657618,0.44553783508652867,59,30s+,5,0,82,,original sound,not verified,14,Saturday,afternoon (12-17),1.5347800925925925
6907792796111981829,2020-12-19 02:44:22,54000,10400,126,364,10890,0.20166666666666666,20.166666666666664,19.25925925925926,0.23333333333333334,0.674074074074074,28,15-30s,15,0,132,,original sound,not verified,2,Saturday,night (0-5),2.0237731481481482
6877473712652799234,2020-09-28 09:50:34,59400,1283,116,36,1435,0.024158249158249157,2.4158249158249157,2.15993265993266,0.19528619528619529,0.06060606060606061,6,<15s,5,0,75,,other sound,not verified,9,Monday,morning (6-11),83.72780092592592
6905378711986801922,2020-12-12 14:36:12,45500,3719,80,40,3839,0.08437362637362637,8.437362637362638,8.173626373626373,0.17582417582417584,0.08791208791208792,15,15-30s,2,0,35,,original sound,not verified,14,Saturday,afternoon (12-17),8.529444444444444
6899418795987717377,2020-11-26 13:08:41,36300,3090,89,20,3199,0.0881267217630854,8.81267217630854,8.512396694214877,0.24517906336088155,0.05509641873278237,15,15-30s,16,0,124,,original sound,not verified,13,Thursday,afternoon (12-17),24.59021990740741
6905031739127713026,2020-12-11 16:09:46,60300,3386,36,1,3423,0.05676616915422886,5.676616915422886,5.615257048092869,0.05970149253731343,0.001658374792703151,29,15-30s,17,0,121,,other sound,not verified,16,Friday,afternoon (12-17),9.464467592592593
6906126061696863489,2020-12-14 14:56:18,68100,6729,29,44,6802,0.09988252569750367,9.988252569750367,9.881057268722467,0.042584434654919234,0.06461086637298091,11,<15s,3,0,148,,original sound,verified,14,Monday,afternoon (12-17),6.5154861111111115
6883270499741273349,2020-10-14 00:45:35,53900,12600,215,61,12876,0.23888682745825604,23.888682745825605,23.376623376623378,0.39888682745825604,0.11317254174397032,14,<15s,6,0,102,,original sound,not verified,0,Wednesday,night (0-5),68.10626157407407
6892131074093223170,2020-11-06 21:48:37,19900,581,8,8,597,0.03,3.0,2.919597989949749,0.04020100502512563,0.04020100502512563,11,<15s,2,0,77,,other sound,not verified,21,Friday,evening (18-23),44.22915509259259
6900178346919857410,2020-11-28 14:16:07,29000,7320,424,118,7862,0.2711034482758621,27.110344827586207,25.24137931034483,1.4620689655172414,0.4068965517241379,17,15-30s,11,0,144,,other sound,not verified,14,Saturday,afternoon (12-17),22.543391203703703
6901155395100806401,2020-12-01 05:27:36,105700,23900,171,887,24958,0.23612109744560075,23.612109744560076,22.61116367076632,0.16177861873226113,0.8391674550614948,13,<15s,8,0,111,,other sound,not verified,5,Tuesday,night (0-5),19.910416666666666
6887605177591942405,2020-10-25 17:06:26,117200,5574,538,268,6380,0.05443686006825939,5.4436860068259385,4.755972696245734,0.4590443686006826,0.22866894197952217,31,30s+,10,1,133,,other sound,not verified,17,Sunday,afternoon (12-17),56.42511574074074
6904335595301080325,2020-12-09 19:08:45,346100,28500,363,1642,30505,0.08813926610806125,8.813926610806124,8.234614273331408,0.10488298179716844,0.47442935567754985,30,30s+,4,0,65,,original sound,not verified,19,Wednesday,evening (18-23),11.340173611111112
6895349449107754245,2020-11-15 13:59:50,71500,9570,83,31,9684,0.13544055944055944,13.544055944055945,13.384615384615385,0.11608391608391608,0.043356643356643354,42,30s+,4,0,42,,other sound,not verified,13,Sunday,afternoon (12-17),35.55469907407407
6903703219923340550,2020-12-08 02:14:55,114400,14600,92,82,14774,0.12914335664335663,12.914335664335663,12.762237762237762,0.08041958041958042,0.07167832167832168,19,15-30s,10,1,126,,original sound,not verified,2,Tuesday,night (0-5),13.044224537037037
6896550572653120770,2020-11-18 19:38:31,49600,837,13,1,851,0.01715725806451613,1.715725806451613,1.6875,0.02620967741935484,0.0020161290322580645,9,<15s,14,0,149,,original sound,not verified,19,Wednesday,evening (18-23),32.31950231481481
6880239600590212353,2020-10-05 20:43:37,11900,2129,80,24,2233,0.18764705882352942,18.764705882352942,17.89075630252101,0.6722689075630253,0.20168067226890757,12,<15s,0,0,73,,original sound,not verified,20,Monday,evening (18-23),76.27429398148148
6878719985535962369,2020-10-01 18:26:43,25800,1319,14,7,1340,0.05193798449612403,5.1937984496124034,5.112403100775194,0.05426356589147287,0.027131782945736434,18,15-30s,13,0,145,,original sound,not verified,18,Thursday,evening (18-23),80.36936342592593
6884399255302245633,2020-10-17 01:45:12,24800,1428,22,66,1516,0.061129032258064514,6.112903225806451,5.758064516129032,0.08870967741935484,0.2661290322580645,29,15-30s,9,0,125,,original sound,not verified,1,Saturday,night (0-5),65.06486111111111
6875739742340762885,2020-09-23 17:42:37,209700,9469,304,147,9920,0.047305674773485934,4.730567477348593,4.515498330948975,0.14496900333810206,0.07010014306151645,10,<15s,10,1,124,,other sound,not verified,17,Wednesday,afternoon (12-17),88.39998842592593
6897328348192656641,2020-11-20 21:56:41,46100,1493,38,9,1540,0.0334056399132321,3.34056399132321,3.238611713665944,0.0824295010845987,0.019522776572668113,35,30s+,2,1,33,,original sound,not verified,21,Friday,evening (18-23),30.223553240740742
6908401262065143045,2020-12-20 18:05:33,34500,646,27,1,674,0.01953623188405797,1.953623188405797,1.872463768115942,0.0782608695652174,0.002898550724637681,13,<15s,1,0,14,,other sound,not verified,18,Sunday,evening (18-23),0.3840625
6891776298784509185,2020-11-05 22:51:55,97000,14600,232,260,15092,0.15558762886597938,15.558762886597938,15.051546391752577,0.23917525773195877,0.26804123711340205,13,<15s,1,0,14,,other sound,not verified,22,Thursday,evening (18-23),45.185196759259256
6882043160806116609,2020-10-10 17:22:20,73700,11700,157,830,12687,0.1721438263229308,17.21438263229308,15.87516960651289,0.2130257801899593,1.1261872455902306,12,<15s,11,0,117,,original sound,not verified,17,Saturday,afternoon (12-17),71.41407407407408
6889712383049108737,2020-10-31 09:22:50,5377,93,2,2,97,0.01803979914450437,1.803979914450437,1.7295889901432024,0.037195462153617256,0.037195462153617256,15,15-30s,6,0,105,,original sound,not verified,9,Saturday,morning (6-11),50.747060185185184
6876857501397159170,2020-09-26 17:59:20,52100,587,19,3,609,0.011689059500959692,1.168905950095969,1.126679462571977,0.036468330134357005,0.005758157389635317,5,<15s,4,1,82,,original sound,not verified,17,Saturday,afternoon (12-17),85.38837962962963
6891701560221404417,2020-11-05 18:01:52,36900,3142,160,11,3313,0.08978319783197831,8.978319783197831,8.51490514905149,0.43360433604336046,0.02981029810298103,9,<15s,13,0,148,,original sound,not verified,18,Thursday,evening (18-23),45.38662037037037
6903574645899939074,2020-12-07 17:55:30,208900,14400,77,29,14506,0.06943992340832934,6.943992340832934,6.893250359023456,0.03685974150311154,0.013882240306366683,13,<15s,5,0,97,,original sound,verified,17,Monday,afternoon (12-17),13.391041666666666
6907365817118166278,2020-12-17 23:07:27,78000,9021,100,63,9184,0.11774358974358974,11.774358974358973,11.565384615384616,0.1282051282051282,0.08076923076923077,8,<15s,3,0,56,,original sound,not verified,23,Thursday,evening (18-23),3.1744097222222223
6898194233778261250,2020-11-23 05:56:46,46700,3919,66,38,4023,0.08614561027837259,8.614561027837258,8.39186295503212,0.14132762312633834,0.08137044967880086,9,<15s,5,0,54,,original sound,not verified,5,Monday,night (0-5),27.890162037037037
6895357815066529026,2020-11-15 14:30:00,1500000,161500,1640,2900,166040,0.11069333333333334,11.069333333333335,10.766666666666667,0.10933333333333334,0.19333333333333333,16,15-30s,0,1,35,,original sound,not verified,14,Sunday,afternoon (12-17),35.53375
6907943881829059841,2020-12-19 12:30:22,37900000,4000000,18600,13400,4032000,0.10638522427440633,10.638522427440634,10.554089709762533,0.04907651715039578,0.03535620052770449,10,<15s,1,0,15,,original sound,not verified,12,Saturday,afternoon (12-17),1.6168287037037037
6891693185693797634,2020-11-05 17:29:22,71500,3860,68,669,4597,0.06429370629370629,6.429370629370629,5.398601398601398,0.0951048951048951,0.9356643356643357,23,15-30s,13,0,149,,original sound,not verified,17,Thursday,afternoon (12-17),45.409189814814816
6896474585798053121,2020-11-18 14:43:38,7400000,102700,227,220,103147,0.013938783783783784,1.3938783783783784,1.3878378378378378,0.0030675675675675674,0.002972972972972973,16,15-30s,0,0,0,,original sound,not verified,14,Wednesday,afternoon (12-17),32.524282407407405
6902476909045615877,2020-12-04 18:56:23,262600,37200,1280,2227,40707,0.15501523229246,15.501523229246,14.166031987814167,0.48743335872048743,0.8480578827113481,20,15-30s,8,0,92,,original sound,not verified,18,Friday,evening (18-23),16.348761574074075
6891747931905330433,2020-11-05 21:01:49,39200,1885,42,44,1971,0.05028061224489796,5.028061224489796,4.808673469387755,0.10714285714285714,0.11224489795918367,15,15-30s,8,0,125,,original sound,not verified,21,Thursday,evening (18-23),45.26165509259259
6901995461238934785,2020-12-03 11:47:28,212500,16400,286,76,16762,0.07888,7.888000000000001,7.7176470588235295,0.13458823529411765,0.03576470588235294,15,15-30s,6,0,76,,original sound,not verified,11,Thursday,morning (6-11),17.64662037037037
6896895803676200198,2020-11-19 17:58:55,65300,3257,13,96,3366,0.05154670750382848,5.154670750382849,4.987748851454824,0.019908116385911178,0.14701378254211334,13,<15s,6,2,126,,original sound,not verified,17,Thursday,afternoon (12-17),31.38866898148148
6889807558618418433,2020-10-31 15:32:10,1600000,190100,2361,13200,205661,0.128538125,12.8538125,11.88125,0.1475625,0.825,15,15-30s,0,1,49,,original sound,not verified,15,Saturday,afternoon (12-17),50.490578703703704
6906077607750618369,2020-12-14 11:48:16,44000,1371,89,148,1608,0.03654545454545455,3.6545454545454548,3.1159090909090907,0.20227272727272727,0.33636363636363636,13,<15s,5,0,57,,original sound,not verified,11,Monday,morning (6-11),6.646064814814815
6903157559578987777,2020-12-06 14:56:59,47400,5320,50,23,5393,0.11377637130801688,11.377637130801688,11.223628691983123,0.10548523206751055,0.04852320675105485,9,<15s,7,0,107,,original sound,not verified,14,Sunday,afternoon (12-17),14.515011574074075
6885726005357530370,2020-10-20 15:33:39,106800,1515,17,416,1948,0.018239700374531834,1.8239700374531833,1.4185393258426966,0.015917602996254682,0.3895131086142322,6,<15s,5,0,49,,original sound,not verified,15,Tuesday,afternoon (12-17),61.48954861111111
6894050180300131585,2020-11-12 01:55:52,35100,2157,24,27,2208,0.06290598290598291,6.290598290598291,6.145299145299146,0.06837606837606838,0.07692307692307693,10,<15s,0,0,21,,original sound,not verified,1,Thursday,night (0-5),39.0574537037037
6906514521582570753,2020-12-15 16:03:43,189100,17000,78,225,17303,0.0915018508725542,9.150185087255421,8.98995240613432,0.041248016922263354,0.11898466419883659,11,<15s,9,0,101,,other sound,not verified,16,Tuesday,afternoon (12-17),5.468668981481481
6902941615376157954,2020-12-06 00:59:03,360000,30600,248,1500,32348,0.08985555555555555,8.985555555555555,8.5,0.06888888888888889,0.4166666666666667,6,<15s,2,0,17,,original sound,not verified,0,Sunday,night (0-5),15.096909722222222
6880928709956635909,2020-10-07 17:18:20,86600,9881,203,77,10161,0.1173325635103926,11.73325635103926,11.409930715935335,0.23441108545034642,0.08891454965357967,8,<15s,11,0,124,,original sound,not verified,17,Wednesday,afternoon (12-17),74.41685185185185
6897535476454952194,2020-11-21 11:20:26,60900,6667,35,3,6705,0.11009852216748768,11.009852216748769,10.947454844006568,0.05747126436781609,0.0049261083743842365,42,30s+,8,1,146,,original sound,not verified,11,Saturday,morning (6-11),29.665393518518517
6896176955624918274,2020-11-17 19:28:42,101800,4208,244,142,4594,0.04512770137524558,4.512770137524558,4.133595284872299,0.23968565815324164,0.13948919449901767,15,15-30s,7,0,119,,other sound,not verified,19,Tuesday,evening (18-23),33.326319444444444
6906416223785864450,2020-12-15 09:42:17,109800,7961,77,432,8470,0.07714025500910747,7.714025500910747,7.250455373406193,0.07012750455373407,0.39344262295081966,41,30s+,6,0,96,,original sound,not verified,9,Tuesday,morning (6-11),5.733553240740741
6898022622110436609,2020-11-22 18:50:49,47100,3440,7,26,3473,0.07373673036093419,7.373673036093418,7.3036093418259025,0.014861995753715499,0.055201698513800426,33,30s+,12,0,138,,original sound,not verified,18,Sunday,evening (18-23),28.352627314814814
6886298413885918465,2020-10-22 04:34:56,45000,3205,60,41,3306,0.07346666666666667,7.346666666666667,7.122222222222222,0.13333333333333333,0.09111111111111111,10,<15s,0,0,0,,original sound,not verified,4,Thursday,night (0-5),59.94699074074074
6891713222534089985,2020-11-05 18:47:07,252600,13800,284,2114,16198,0.06412509897070467,6.412509897070468,5.463182897862233,0.11243072050673,0.8368962787015044,57,30s+,15,0,150,,original sound,not verified,18,Thursday,evening (18-23),45.35519675925926
6892701445603298561,2020-11-08 10:41:56,441300,29900,278,1811,31989,0.0724881033310673,7.2488103331067295,6.775436211194199,0.06299569453886245,0.4103784273736687,30,30s+,0,0,69,,original sound,not verified,10,Sunday,morning (6-11),42.692129629629626
6893875244742741253,2020-11-11 14:38:11,147500,14100,182,733,15015,0.10179661016949153,10.179661016949153,9.559322033898304,0.12338983050847457,0.4969491525423729,21,15-30s,5,1,63,,other sound,not verified,14,Wednesday,afternoon (12-17),39.528067129629626
6884646106970590470,2020-10-17 17:43:53,139400,30200,79,20,30299,0.21735294117647058,21.735294117647058,21.664275466284074,0.05667144906743185,0.014347202295552367,13,<15s,7,2,104,,other sound,not verified,17,Saturday,afternoon (12-17),64.39910879629629
6891641815447932166,2020-11-05 14:11:42,170700,45900,713,1799,48412,0.2836086701816052,28.36086701816052,26.88927943760984,0.4176918570591681,1.0538957234915056,35,30s+,10,0,143,,other sound,not verified,14,Thursday,afternoon (12-17),45.546458333333334
6883011295763860738,2020-10-13 07:59:13,32000,4053,60,78,4191,0.13096875,13.096874999999999,12.665625,0.1875,0.24375,14,<15s,0,0,3,,original sound,not verified,7,Tuesday,morning (6-11),68.80512731481481
6907187437986958593,2020-12-17 11:34:59,611900,73000,1715,5894,80609,0.13173557770877595,13.173557770877595,11.930053930380781,0.28027455466579504,0.9632292858310182,21,15-30s,0,0,0,,original sound,verified,11,Thursday,morning (6-11),3.655289351851852
6891908639829937410,2020-11-06 07:25:27,47400,4218,90,39,4347,0.09170886075949367,9.170886075949367,8.89873417721519,0.189873417721519,0.08227848101265822,13,<15s,3,3,101,,original sound,not verified,7,Friday,morning (6-11),44.82857638888889
6886033905531538689,2020-10-21 11:28:29,163100,31100,833,305,32238,0.1976578786020846,19.765787860208462,19.068056407112202,0.5107296137339056,0.18700183936235437,51,30s+,8,0,116,,original sound,not verified,11,Wednesday,morning (6-11),60.65980324074074
6882438480786459906,2020-10-11 18:56:23,76800,1373,10,10,1393,0.018138020833333334,1.8138020833333335,1.7877604166666667,0.013020833333333334,0.013020833333333334,9,<15s,3,0,104,,original sound,not verified,18,Sunday,evening (18-23),70.34876157407408
6896172646669552897,2020-11-17 19:11:58,25200,4024,108,20,4152,0.16476190476190475,16.476190476190474,15.968253968253968,0.42857142857142855,0.07936507936507936,8,<15s,9,0,145,,other sound,not verified,19,Tuesday,evening (18-23),33.33793981481482
6881297980456996097,2020-10-08 17:10:39,9725,1125,16,35,1176,0.1209254498714653,12.09254498714653,11.568123393316196,0.16452442159383032,0.35989717223650386,22,15-30s,2,0,30,,original sound,not verified,17,Thursday,afternoon (12-17),73.4221875
6898451979207478533,2020-11-23 22:37:27,50000,4854,35,13,4902,0.09804,9.804,9.708,0.07,0.026,30,30s+,10,0,127,,original sound,not verified,22,Monday,evening (18-23),27.195243055555554
6896784100976315650,2020-11-19 10:44:44,26800,7270,221,28,7519,0.28055970149253734,28.055970149253735,27.12686567164179,0.8246268656716418,0.1044776119402985,13,<15s,1,0,14,,other sound,not verified,10,Thursday,morning (6-11),31.690185185185186
6880259329434324226,2020-10-05 22:00:13,513000,126300,221,94,126615,0.246812865497076,24.6812865497076,24.619883040935672,0.04307992202729045,0.018323586744639377,12,<15s,2,0,40,,original sound,verified,22,Monday,evening (18-23),76.22109953703703
6877149710428245249,2020-09-27 12:53:15,16400,826,5,0,831,0.05067073170731708,5.067073170731708,5.036585365853658,0.03048780487804878,0.0,8,<15s,0,0,0,,original sound,not verified,12,Sunday,afternoon (12-17),84.6009375
6885791166248340737,2020-10-20 19:46:31,33600,617,36,2,655,0.01949404761904762,1.9494047619047619,1.8363095238095237,0.10714285714285714,0.005952380952380952,24,15-30s,6,1,126,,original sound,not verified,19,Tuesday,evening (18-23),61.31394675925926
6880134891753852162,2020-10-05 13:57:17,27500,640,15,20,675,0.024545454545454544,2.4545454545454546,2.327272727272727,0.05454545454545454,0.07272727272727272,39,30s+,12,0,143,,original sound,not verified,13,Monday,afternoon (12-17),76.5564699074074
6899128133430037765,2020-11-25 18:21:07,61100,6289,318,51,6658,0.10896890343698855,10.896890343698855,10.292962356792144,0.5204582651391162,0.08346972176759411,46,30s+,9,0,78,,other sound,not verified,18,Wednesday,evening (18-23),25.373252314814813
6879476802050460934,2020-10-03 19:24:12,1500000,309900,2003,4888,316791,0.211194,21.1194,20.66,0.13353333333333334,0.3258666666666667,36,30s+,9,0,93,,original sound,not verified,19,Saturday,evening (18-23),78.32944444444445
6901276629268581633,2020-12-01 13:18:01,494800,15500,214,370,16084,0.03250606305578011,3.2506063055780112,3.1325788197251416,0.043249797898140666,0.07477768795472918,8,<15s,3,0,33,,original sound,not verified,13,Tuesday,afternoon (12-17),19.583738425925926
6904743507693554950,2020-12-10 21:31:35,224900,35400,1152,2315,38867,0.17281903068030235,17.281903068030235,15.740329035126724,0.5122276567363273,1.0293463761671855,17,15-30s,8,0,119,,other sound,not verified,21,Thursday,evening (18-23),10.240983796296296
6884287238138645761,2020-10-16 18:30:31,65800,513,11,6,530,0.008054711246200608,0.8054711246200608,0.7796352583586627,0.016717325227963525,0.00911854103343465,14,<15s,4,0,69,,original sound,not verified,18,Friday,evening (18-23),65.36672453703704
6905490815309729025,2020-12-12 21:51:15,94200,11000,117,112,11229,0.11920382165605095,11.920382165605096,11.67728237791932,0.12420382165605096,0.11889596602972399,9,<15s,3,0,75,,original sound,not verified,21,Saturday,evening (18-23),8.227326388888889
6887458979954347266,2020-10-25 07:38:29,173900,19000,42,2245,21287,0.12240943070730305,12.240943070730305,10.925819436457735,0.024151811385853938,1.2909718228867164,14,<15s,8,0,145,,original sound,not verified,7,Sunday,morning (6-11),56.819525462962964
6884868479267147010,2020-10-18 08:06:02,46000,3832,70,13,3915,0.08510869565217391,8.51086956521739,8.330434782608696,0.15217391304347827,0.02826086956521739,12,<15s,3,3,145,,other sound,not verified,8,Sunday,morning (6-11),63.80039351851852
6899737900120935681,2020-11-27 09:46:59,44500,1698,5,44,1747,0.039258426966292136,3.9258426966292137,3.8157303370786515,0.011235955056179775,0.09887640449438202,15,15-30s,0,0,0,,other sound,not verified,9,Friday,morning (6-11),23.73028935185185
6891908752539274497,2020-11-06 07:25:54,254800,74700,5659,533,80892,0.31747252747252747,31.747252747252748,29.317111459968604,2.2209576138147566,0.20918367346938777,19,15-30s,5,0,147,,original sound,not verified,7,Friday,morning (6-11),44.82826388888889
6899141975178480898,2020-11-25 19:14:28,114000,4386,68,94,4548,0.03989473684210526,3.989473684210526,3.8473684210526318,0.05964912280701754,0.0824561403508772,10,<15s,1,0,36,,other sound,not verified,19,Wednesday,evening (18-23),25.336203703703703
6908342087528254722,2020-12-20 14:15:36,104400,9588,119,105,9812,0.09398467432950192,9.398467432950191,9.183908045977011,0.11398467432950192,0.10057471264367816,11,<15s,0,0,3,,original sound,not verified,14,Sunday,afternoon (12-17),0.54375
6894316591450705154,2020-11-12 19:09:31,78800,12100,119,76,12295,0.1560279187817259,15.602791878172589,15.355329949238579,0.15101522842639595,0.09644670050761421,15,15-30s,6,0,98,,original sound,not verified,19,Thursday,evening (18-23),38.33964120370371
6903974884154608897,2020-12-08 19:48:38,32300,1089,6,10,1105,0.034210526315789476,3.421052631578948,3.371517027863777,0.018575851393188854,0.030959752321981424,8,<15s,2,0,24,,original sound,not verified,19,Tuesday,evening (18-23),12.312476851851851
6877606750900538626,2020-09-28 18:26:48,1700000,67300,424,387,68111,0.04006529411764706,4.006529411764706,3.958823529411765,0.024941176470588234,0.02276470588235294,13,<15s,2,0,8,,original sound,not verified,18,Monday,evening (18-23),83.36930555555556
6899346784921849090,2020-11-26 08:29:15,2100000,219100,2352,3468,224920,0.10710476190476191,10.710476190476191,10.433333333333334,0.112,0.16514285714285715,14,<15s,2,0,64,,original sound,verified,8,Thursday,morning (6-11),24.784270833333334
6886527878100438273,2020-10-22 19:25:20,84200,19000,146,17,19163,0.22758907363420428,22.758907363420427,22.565320665083135,0.17339667458432304,0.020190023752969122,46,30s+,10,0,105,,original sound,not verified,19,Thursday,evening (18-23),59.328657407407405
6908311912941931777,2020-12-20 12:18:31,198300,32500,730,900,34130,0.17211296016137165,17.211296016137165,16.38930912758447,0.3681290973272819,0.45385779122541603,55,30s+,3,0,58,,original sound,not verified,12,Sunday,afternoon (12-17),0.6250578703703704
6904610600870038786,2020-12-10 12:55:32,49600,9303,861,9,10173,0.2051008064516129,20.510080645161292,18.756048387096776,1.7358870967741935,0.018145161290322582,15,15-30s,0,0,6,,original sound,not verified,12,Thursday,afternoon (12-17),10.599351851851852
6905326071026109697,2020-12-12 11:11:55,35900,798,16,6,820,0.022841225626740947,2.284122562674095,2.222841225626741,0.04456824512534819,0.016713091922005572,5,<15s,1,1,23,,original sound,not verified,11,Saturday,morning (6-11),8.67130787037037
6882738915724233985,2020-10-12 14:22:14,46000,1246,65,94,1405,0.030543478260869564,3.0543478260869565,2.708695652173913,0.14130434782608695,0.20434782608695654,13,<15s,3,0,63,,original sound,not verified,14,Monday,afternoon (12-17),69.53914351851851
6883331225197563141,2020-10-14 04:41:51,379400,56800,595,186,57581,0.151768581971534,15.1768581971534,14.971006852925672,0.15682656826568267,0.04902477596204533,14,<15s,0,0,21,,original sound,verified,4,Wednesday,night (0-5),67.9421875
6878961920859262210,2020-10-02 10:05:34,149500,19600,150,26,19776,0.1322809364548495,13.22809364548495,13.110367892976589,0.10033444816053512,0.017391304347826087,9,<15s,0,0,47,,original sound,verified,10,Friday,morning (6-11),79.71738425925926
6908460695461891329,2020-12-20 21:55:55,22500,1106,80,70,1256,0.055822222222222224,5.582222222222223,4.915555555555556,0.35555555555555557,0.3111111111111111,54,30s+,4,3,131,,original sound,not verified,21,Sunday,evening (18-23),0.22408564814814816
6875373441432816898,2020-09-22 18:00:27,64800,9387,161,71,9619,0.14844135802469136,14.844135802469136,14.48611111111111,0.24845679012345678,0.1095679012345679,9,<15s,0,0,8,,original sound,not verified,18,Tuesday,evening (18-23),89.38760416666666
6908353046783347969,2020-12-20 14:58:08,659700,54200,351,97,54648,0.08283765347885402,8.283765347885403,8.215855691981204,0.05320600272851296,0.014703653175685918,26,15-30s,3,0,103,,original sound,not verified,14,Sunday,afternoon (12-17),0.5142129629629629
6880527115037478145,2020-10-06 15:19:18,62100,12400,313,127,12840,0.20676328502415459,20.67632850241546,19.96779388083736,0.5040257648953301,0.20450885668276972,7,<15s,7,0,91,,original sound,not verified,15,Tuesday,afternoon (12-17),75.49951388888888
6881793753036721414,2020-10-10 01:15:00,68200,4947,110,19,5076,0.07442815249266863,7.442815249266863,7.25366568914956,0.16129032258064516,0.02785923753665689,15,15-30s,10,0,124,,original sound,not verified,1,Saturday,night (0-5),72.08583333333333
6887596160656215298,2020-10-25 16:30:49,50100,7993,358,289,8640,0.1724550898203593,17.24550898203593,15.954091816367265,0.7145708582834331,0.5768463073852296,15,15-30s,0,0,22,,other sound,not verified,16,Sunday,afternoon (12-17),56.44984953703704
6880493048011263233,2020-10-06 13:07:07,166500,5624,250,15,5889,0.035369369369369366,3.536936936936937,3.3777777777777778,0.15015015015015015,0.009009009009009009,15,15-30s,11,1,150,,original sound,verified,13,Tuesday,afternoon (12-17),75.59130787037037
6905961818062114054,2020-12-14 04:19:22,70900,20400,256,476,21132,0.2980535966149506,29.80535966149506,28.772919605077576,0.3610719322990127,0.6713681241184767,12,<15s,6,0,59,,original sound,not verified,4,Monday,night (0-5),6.957800925925926
6902436491536944386,2020-12-04 16:18:53,43500,5812,86,4,5902,0.13567816091954024,13.567816091954024,13.360919540229885,0.19770114942528735,0.009195402298850575,17,15-30s,8,0,125,,other sound,not verified,16,Friday,afternoon (12-17),16.458136574074075
6903188918078852354,2020-12-06 16:58:41,63800,5611,184,20,5815,0.09114420062695924,9.114420062695924,8.794670846394984,0.2884012539184953,0.03134796238244514,15,15-30s,6,0,89,,original sound,not verified,16,Sunday,afternoon (12-17),14.430497685185186
6893906975730584833,2020-11-11 16:40:01,734700,112800,751,439,113990,0.15515176262420036,15.515176262420036,15.353205389955084,0.10221859262283925,0.05975227984211243,15,15-30s,2,1,58,,original sound,not verified,16,Wednesday,afternoon (12-17),39.44346064814815
6898062975186242817,2020-11-22 21:27:25,45200,4736,392,17,5145,0.11382743362831858,11.382743362831858,10.47787610619469,0.8672566371681416,0.03761061946902655,45,30s+,14,0,144,,original sound,not verified,21,Sunday,evening (18-23),28.243877314814814
6885276983870196994,2020-10-19 10:31:15,1900000,104700,709,2421,107830,0.05675263157894737,5.675263157894737,5.510526315789473,0.03731578947368421,0.12742105263157893,22,15-30s,5,0,57,,other sound,not verified,10,Monday,morning (6-11),62.69954861111111
6879902533876337925,2020-10-04 22:56:12,139100,15100,99,60,15259,0.1096980589503954,10.96980589503954,10.85549964054637,0.07117181883537024,0.043134435657800146,58,30s+,10,1,122,,original sound,not verified,22,Sunday,evening (18-23),77.18222222222222
6906243777036389637,2020-12-14 22:33:23,64300,12600,33,12,12645,0.19665629860031103,19.665629860031103,19.595645412130636,0.05132192846034215,0.01866251944012442,30,30s+,8,1,93,,other sound,not verified,22,Monday,evening (18-23),6.19806712962963
6893596137022934274,2020-11-10 20:33:48,51000,2584,150,31,2765,0.0542156862745098,5.421568627450981,5.066666666666666,0.29411764705882354,0.060784313725490195,15,15-30s,7,1,72,,other sound,not verified,20,Tuesday,evening (18-23),40.28111111111111
6904612666099305729,2020-12-10 13:03:33,143700,33400,173,594,34167,0.2377661795407098,23.776617954070982,23.2428670842032,0.12038970076548365,0.4133611691022965,8,<15s,8,0,108,,original sound,not verified,13,Thursday,afternoon (12-17),10.593784722222223
6877219156186500354,2020-09-27 17:22:45,584700,156800,216,41,157057,0.2686112536343424,26.86112536343424,26.81717119890542,0.03694202154951257,0.007012142979305627,12,<15s,2,0,29,,original sound,verified,17,Sunday,afternoon (12-17),84.41378472222222
6893910918913117441,2020-11-11 16:55:18,68100,11400,294,45,11739,0.17237885462555066,17.237885462555067,16.740088105726873,0.43171806167400884,0.06607929515418502,14,<15s,4,0,145,,other sound,not verified,16,Wednesday,afternoon (12-17),39.43284722222222
6876156631651077381,2020-09-24 20:40:17,821200,157700,1314,386,159400,0.19410618606916707,19.410618606916707,19.203604481246956,0.16000974184120798,0.04700438382854359,39,30s+,0,1,51,,original sound,verified,20,Thursday,evening (18-23),87.2766087962963
6897625010668637441,2020-11-21 17:07:53,103000,17800,281,123,18204,0.1767378640776699,17.67378640776699,17.281553398058254,0.2728155339805825,0.11941747572815534,28,15-30s,5,0,143,,original sound,not verified,17,Saturday,afternoon (12-17),29.424108796296295
6880694458552175874,2020-10-07 02:08:42,35700,2315,31,147,2493,0.06983193277310924,6.983193277310924,6.484593837535014,0.08683473389355742,0.4117647058823529,43,30s+,9,0,122,,original sound,not verified,2,Wednesday,night (0-5),75.04854166666667
6886291383246671109,2020-10-22 04:08:31,136600,23000,103,206,23309,0.17063689604685212,17.063689604685212,16.837481698389457,0.07540263543191801,0.15080527086383602,57,30s+,11,1,147,,original sound,not verified,4,Thursday,night (0-5),59.96533564814815
6879837374927490306,2020-10-04 18:42:46,60800,4945,14,22,4981,0.08192434210526316,8.192434210526315,8.133223684210526,0.023026315789473683,0.03618421052631579,46,30s+,0,0,31,,other sound,not verified,18,Sunday,evening (18-23),77.3582175925926
6889517297606708482,2020-10-30 20:45:49,25500,3573,91,7,3671,0.1439607843137255,14.39607843137255,14.011764705882353,0.3568627450980392,0.027450980392156862,10,<15s,4,1,142,,original sound,not verified,20,Friday,evening (18-23),51.2727662037037
6879022410528541953,2020-10-02 14:00:17,143000,11100,491,20,11611,0.0811958041958042,8.119580419580421,7.7622377622377625,0.34335664335664334,0.013986013986013986,12,<15s,0,0,20,,original sound,not verified,14,Friday,afternoon (12-17),79.55438657407407
6888483056588508417,2020-10-28 01:52:27,25500,2021,89,78,2188,0.08580392156862746,8.580392156862745,7.925490196078432,0.34901960784313724,0.3058823529411765,53,30s+,9,0,120,,other sound,not verified,1,Wednesday,night (0-5),54.05982638888889
6905790048197758210,2020-12-13 17:12:24,4600000,249800,11100,60800,321700,0.06993478260869565,6.993478260869565,5.430434782608696,0.24130434782608695,1.3217391304347825,15,15-30s,2,0,105,,other sound,not verified,17,Sunday,afternoon (12-17),7.420972222222222
6878330292701121794,2020-09-30 17:14:31,5500000,426700,4368,16100,447168,0.08130327272727272,8.130327272727273,7.758181818181818,0.07941818181818182,0.2927272727272727,15,15-30s,10,0,119,,original sound,not verified,17,Wednesday,afternoon (12-17),81.41950231481482
6891645928797703425,2020-11-05 14:25:59,684200,74300,1613,844,76757,0.11218503361590178,11.218503361590178,10.859397836889798,0.23574978076585792,0.12335574393452207,12,<15s,6,0,89,,original sound,not verified,14,Thursday,afternoon (12-17),45.53653935185185
6898057246270328070,2020-11-22 21:05:40,84100,5207,455,152,5814,0.0691319857312723,6.91319857312723,6.191438763376932,0.5410225921521997,0.1807372175980975,53,30s+,8,0,79,,other sound,not verified,21,Sunday,evening (18-23),28.25898148148148
6906884442728516865,2020-12-16 15:59:12,34500,4328,49,3,4380,0.12695652173913044,12.695652173913045,12.544927536231883,0.14202898550724638,0.008695652173913044,11,<15s,6,0,112,,original sound,not verified,15,Wednesday,afternoon (12-17),4.471805555555555
6899619652402449670,2020-11-27 02:08:32,1100000,47300,528,486,48314,0.04392181818181818,4.392181818181818,4.3,0.048,0.04418181818181818,15,15-30s,2,0,60,,original sound,not verified,2,Friday,night (0-5),24.048657407407408
6889162600534330625,2020-10-29 21:49:25,805900,37900,268,4128,42296,0.0524829383298176,5.248293832981759,4.702816726641022,0.03325474624643256,0.5122223600943046,10,<15s,10,1,147,,original sound,not verified,21,Thursday,evening (18-23),52.228599537037034
6883133559482191105,2020-10-13 15:53:39,39700,2233,16,17,2266,0.05707808564231738,5.707808564231738,5.624685138539043,0.04030226700251889,0.042821158690176324,10,<15s,4,0,35,,other sound,not verified,15,Tuesday,afternoon (12-17),68.47565972222222
6886618708731546886,2020-10-23 01:18:26,105100,12800,285,18,13103,0.12467174119885822,12.467174119885822,12.178877259752616,0.27117031398667935,0.017126546146527116,10,<15s,5,0,93,,other sound,not verified,1,Friday,night (0-5),59.083449074074075
6876422232772578561,2020-09-25 13:50:16,189800,18900,77,67,19044,0.10033719704952582,10.033719704952581,9.957850368809273,0.04056902002107481,0.03530031612223393,10,<15s,5,1,92,,original sound,not verified,13,Friday,afternoon (12-17),86.5613425925926
6883928153727831297,2020-10-15 19:17:06,45900,2444,18,8,2470,0.05381263616557734,5.381263616557734,5.324618736383442,0.0392156862745098,0.017429193899782137,8,<15s,4,0,55,,original sound,not verified,19,Thursday,evening (18-23),66.334375
6894081763379924229,2020-11-12 03:58:55,250800000,31000000,625700,220100,31845800,0.1269768740031898,12.69768740031898,12.360446570972886,0.249481658692185,0.0877591706539075,9,<15s,1,0,13,,original sound,verified,3,Thursday,night (0-5),38.972002314814816
6897931927257484545,2020-11-22 12:58:52,2800000,271500,8129,2119,281748,0.10062428571428571,10.06242857142857,9.696428571428571,0.29032142857142856,0.07567857142857143,15,15-30s,3,0,57,,other sound,verified,12,Sunday,afternoon (12-17),28.597037037037037
6881337151901027586,2020-10-08 19:42:40,79000,971,11,9,991,0.012544303797468355,1.2544303797468355,1.229113924050633,0.013924050632911392,0.01139240506329114,18,15-30s,14,0,115,,original sound,not verified,19,Thursday,evening (18-23),73.31662037037037
6899706911059397893,2020-11-27 07:48:11,1500000,82200,511,10500,93211,0.062140666666666663,6.214066666666667,5.48,0.03406666666666667,0.7,21,15-30s,5,0,43,,original sound,not verified,7,Friday,morning (6-11),23.81278935185185
6904264506998951169,2020-12-09 14:32:30,144100,9280,53,35,9368,0.06501040943789035,6.501040943789035,6.439972241498959,0.03678001387925052,0.024288688410825817,6,<15s,6,0,86,,original sound,not verified,14,Wednesday,afternoon (12-17),11.532013888888889
6886331836444790018,2020-10-22 06:44:37,86800,3603,68,38,3709,0.04273041474654378,4.273041474654378,4.150921658986175,0.07834101382488479,0.04377880184331797,15,15-30s,0,0,45,,other sound,not verified,6,Thursday,morning (6-11),59.85693287037037
6897643701426752770,2020-11-21 18:20:24,100800,20500,527,657,21684,0.21511904761904763,21.511904761904763,20.33730158730159,0.5228174603174603,0.6517857142857143,10,<15s,9,0,95,,original sound,not verified,18,Saturday,evening (18-23),29.37375
6886192005270064386,2020-10-21 21:42:00,383600,9490,134,758,10382,0.027064650677789365,2.7064650677789364,2.4739311783107403,0.034932221063607924,0.19760166840458812,37,30s+,1,0,10,,original sound,not verified,21,Wednesday,evening (18-23),60.23375
6903867852672077057,2020-12-08 12:53:18,39900,3080,32,27,3139,0.07867167919799499,7.867167919799499,7.719298245614035,0.08020050125313283,0.06766917293233082,15,15-30s,3,0,54,,original sound,not verified,12,Tuesday,afternoon (12-17),12.600902777777778
6889539392105352450,2020-10-30 22:11:34,24900,1846,53,30,1929,0.07746987951807228,7.746987951807228,7.413654618473895,0.21285140562248997,0.12048192771084337,13,<15s,5,0,73,,original sound,not verified,22,Friday,evening (18-23),51.21321759259259
6902048470417378561,2020-12-03 15:13:10,312600,36500,994,728,38222,0.12227127319257837,12.227127319257837,11.676263595649392,0.3179782469609725,0.2328854766474728,59,30s+,0,0,25,,original sound,verified,15,Thursday,afternoon (12-17),17.50377314814815
6890518277752163585,2020-11-02 13:30:07,40800,2932,91,439,3462,0.08485294117647059,8.48529411764706,7.186274509803922,0.22303921568627452,1.0759803921568627,23,15-30s,9,0,95,,original sound,not verified,13,Monday,afternoon (12-17),48.57533564814815
6880446332352367873,2020-10-06 10:05:51,1100000,150700,1133,847,152680,0.1388,13.88,13.7,0.103,0.077,15,15-30s,4,0,30,,original sound,not verified,10,Tuesday,morning (6-11),75.7171875
6907950986871000322,2020-12-19 12:57:56,181200,12700,602,1222,14524,0.08015452538631347,8.015452538631347,7.008830022075055,0.3322295805739514,0.67439293598234,8,<15s,0,0,12,,original sound,not verified,12,Saturday,afternoon (12-17),1.5976851851851852
6897185128322174209,2020-11-20 12:40:54,89200,1620,94,18,1732,0.019417040358744395,1.9417040358744395,1.8161434977578474,0.10538116591928251,0.020179372197309416,9,<15s,6,0,89,,other sound,not verified,12,Friday,afternoon (12-17),30.609513888888888
6898415159249816833,2020-11-23 20:14:04,27200,937,12,6,955,0.03511029411764706,3.511029411764706,3.4448529411764706,0.04411764705882353,0.022058823529411766,15,15-30s,1,1,75,,original sound,not verified,20,Monday,evening (18-23),27.294814814814814
6884946806833188097,2020-10-18 13:09:58,213400,19800,271,65,20136,0.09435801312089973,9.435801312089973,9.278350515463918,0.12699156513589505,0.030459231490159326,14,<15s,0,0,39,,original sound,verified,13,Sunday,afternoon (12-17),63.58932870370371
6896449137420619009,2020-11-18 13:04:53,51800,3542,39,41,3622,0.06992277992277993,6.992277992277993,6.837837837837838,0.07528957528957529,0.07915057915057915,8,<15s,3,0,44,,original sound,not verified,13,Wednesday,afternoon (12-17),32.5928587962963
6905409625726766341,2020-12-12 16:36:31,112100,9403,1049,65,10517,0.09381801962533452,9.381801962533451,8.388046387154327,0.935771632471008,0.05798394290811775,15,15-30s,9,0,104,,original sound,not verified,16,Saturday,afternoon (12-17),8.445891203703704
6888486575005617409,2020-10-28 02:06:07,15300,499,12,1,512,0.0334640522875817,3.3464052287581705,3.261437908496732,0.0784313725490196,0.006535947712418301,11,<15s,0,0,0,,original sound,not verified,2,Wednesday,night (0-5),54.05033564814815
6879439037619342598,2020-10-03 16:57:42,99900,22500,354,168,23022,0.23045045045045046,23.045045045045047,22.52252252252252,0.35435435435435436,0.16816816816816818,14,<15s,4,0,137,,original sound,not verified,16,Saturday,afternoon (12-17),78.43118055555556
6877411003160694017,2020-09-28 05:47:14,27800,1759,7,1,1767,0.0635611510791367,6.356115107913669,6.327338129496403,0.025179856115107913,0.0035971223021582736,14,<15s,0,0,0,,original sound,not verified,5,Monday,night (0-5),83.89678240740741
6888826582786395394,2020-10-29 00:05:30,67000,4053,88,56,4197,0.06264179104477612,6.264179104477612,6.049253731343284,0.13134328358208955,0.08358208955223881,13,<15s,5,0,39,,other sound,not verified,0,Thursday,night (0-5),53.13409722222222
6891183356097187074,2020-11-04 08:30:59,51700,5508,135,81,5724,0.110715667311412,11.0715667311412,10.653771760154738,0.2611218568665377,0.15667311411992263,43,30s+,4,1,53,,original sound,not verified,8,Wednesday,morning (6-11),46.78306712962963
6884981166659751169,2020-10-18 15:23:19,8766,586,8,4,598,0.06821811544604152,6.821811544604152,6.684919005247547,0.09126169290440338,0.04563084645220169,15,15-30s,0,0,0,,original sound,not verified,15,Sunday,afternoon (12-17),63.49672453703704
6904238654751870209,2020-12-09 12:52:12,2500000,28000,668,4533,33201,0.0132804,1.3280399999999999,1.12,0.02672,0.18132,9,<15s,7,0,100,,original sound,not verified,12,Wednesday,afternoon (12-17),11.601666666666667
6887562050265025794,2020-10-25 14:18:27,162900,12300,141,362,12803,0.07859422958870473,7.859422958870472,7.550644567219153,0.0865561694290976,0.2222222222222222,13,<15s,1,0,14,,original sound,not verified,14,Sunday,afternoon (12-17),56.54177083333333
6881428016275197186,2020-10-09 01:35:17,45900,5325,58,91,5474,0.11925925925925926,11.925925925925926,11.601307189542483,0.12636165577342048,0.19825708061002179,13,<15s,2,0,28,,original sound,not verified,1,Friday,night (0-5),73.07174768518519
6886464165549001986,2020-10-22 15:18:06,49100,3324,115,28,3467,0.07061099796334012,7.0610997963340125,6.7698574338085535,0.23421588594704684,0.05702647657841141,36,30s+,7,1,107,,original sound,not verified,15,Thursday,afternoon (12-17),59.500347222222224
6886763008966577410,2020-10-23 10:37:46,74500,1794,15,8,1817,0.02438926174496644,2.438926174496644,2.408053691275168,0.020134228187919462,0.010738255033557046,15,15-30s,8,0,79,,original sound,not verified,10,Friday,morning (6-11),58.695023148148145
6888722307603336453,2020-10-28 17:21:16,73300,6101,184,20,6305,0.08601637107776262,8.601637107776263,8.323328785811732,0.25102319236016374,0.027285129604365622,55,30s+,2,1,71,,original sound,not verified,17,Wednesday,afternoon (12-17),53.41481481481482
6879222014880664833,2020-10-03 02:54:52,30100,1100,63,14,1177,0.03910299003322259,3.9102990033222587,3.654485049833887,0.20930232558139536,0.046511627906976744,14,<15s,11,0,128,,original sound,not verified,2,Saturday,night (0-5),79.01648148148148
6885565252151315718,2020-10-20 05:11:14,71400,7207,59,2,7268,0.10179271708683474,10.179271708683475,10.093837535014005,0.08263305322128851,0.0028011204481792717,17,15-30s,8,1,124,,other sound,not verified,5,Tuesday,night (0-5),61.921782407407406
6884352491505388801,2020-10-16 22:43:46,52400,9288,93,183,9564,0.18251908396946565,18.251908396946565,17.72519083969466,0.17748091603053434,0.34923664122137404,9,<15s,9,0,145,,original sound,not verified,22,Friday,evening (18-23),65.19085648148148
6885540773987667205,2020-10-20 03:35:50,127500,13600,148,100,13848,0.10861176470588235,10.861176470588235,10.666666666666666,0.11607843137254902,0.0784313725490196,58,30s+,11,0,128,,other sound,not verified,3,Tuesday,night (0-5),61.98803240740741
6875405441472498949,2020-09-22 20:05:09,118700,9630,65,58,9753,0.08216512215669755,8.216512215669756,8.112889637742207,0.05475989890480202,0.04886267902274642,55,30s+,10,1,119,,original sound,not verified,20,Tuesday,evening (18-23),89.30100694444444
6892107260181499137,2020-11-06 20:16:12,85500,12900,75,128,13103,0.15325146198830408,15.325146198830408,15.087719298245615,0.08771929824561403,0.1497076023391813,30,30s+,8,0,124,,original sound,not verified,20,Friday,evening (18-23),44.29333333333334
6890302116246637825,2020-11-01 23:31:21,893900,205500,143,60,205703,0.23011858149681172,23.01185814968117,22.98914867434836,0.015997315135921245,0.006712160196890032,20,15-30s,2,5,139,,original sound,verified,23,Sunday,evening (18-23),49.1578125
6905298511470890241,2020-12-12 09:24:59,33700,1287,55,2,1344,0.039881305637982194,3.988130563798219,3.8189910979228485,0.1632047477744807,0.005934718100890208,10,<15s,0,0,0,,original sound,not verified,9,Saturday,morning (6-11),8.74556712962963
6902823504383659266,2020-12-05 17:20:41,81600,651,42,11,704,0.008627450980392156,0.8627450980392156,0.7977941176470589,0.051470588235294115,0.013480392156862746,21,15-30s,0,0,43,,other sound,not verified,17,Saturday,afternoon (12-17),15.415219907407407
6887443398446550273,2020-10-25 06:38:03,124400,3716,47,32,3795,0.030506430868167202,3.05064308681672,2.987138263665595,0.03778135048231511,0.02572347266881029,23,15-30s,0,0,0,,original sound,not verified,6,Sunday,morning (6-11),56.861493055555556
6899104646543969537,2020-11-25 16:49:37,42300,2164,75,7,2246,0.053096926713947994,5.309692671394799,5.115839243498818,0.1773049645390071,0.016548463356973995,12,<15s,4,0,76,,other sound,not verified,16,Wednesday,afternoon (12-17),25.436793981481483
6906137577003175169,2020-12-14 15:40:59,36700,2098,70,28,2196,0.059836512261580384,5.983651226158038,5.716621253405995,0.1907356948228883,0.07629427792915532,15,15-30s,8,0,110,,original sound,not verified,15,Monday,afternoon (12-17),6.484456018518519
6882395409973660930,2020-10-11 16:09:15,9200000,499600,6459,58000,564059,0.06131076086956522,6.131076086956522,5.430434782608696,0.07020652173913043,0.6304347826086957,15,15-30s,0,0,47,,other sound,verified,16,Sunday,afternoon (12-17),70.4648263888889
6899113568092949761,2020-11-25 17:24:14,1200000,214700,2694,1703,219097,0.18258083333333333,18.25808333333333,17.891666666666666,0.2245,0.14191666666666666,20,15-30s,3,0,42,,other sound,not verified,17,Wednesday,afternoon (12-17),25.412754629629628
6883180152164011265,2020-10-13 18:54:27,433100,25100,657,748,26505,0.0611983375663819,6.11983375663819,5.795428307550219,0.1516970676518125,0.17270838143615794,21,15-30s,5,0,61,,other sound,verified,18,Tuesday,evening (18-23),68.35010416666667
6886223121397894405,2020-10-21 23:43:22,119600,5500,106,112,5718,0.047809364548494986,4.780936454849498,4.59866220735786,0.08862876254180602,0.09364548494983277,15,15-30s,1,0,94,,original sound,not verified,23,Wednesday,evening (18-23),60.14946759259259
6879000638458449153,2020-10-02 12:35:48,3313,218,18,1,237,0.07153637186839722,7.153637186839721,6.580138846966496,0.5433142167220042,0.03018412315122246,8,<15s,17,0,128,,original sound,not verified,12,Friday,afternoon (12-17),79.61305555555556
6877191692341054721,2020-09-27 15:36:10,129300,13300,111,152,13563,0.10489559164733178,10.489559164733178,10.2861562258314,0.08584686774941995,0.11755607115235886,13,<15s,2,0,19,,original sound,not verified,15,Sunday,afternoon (12-17),84.48780092592592
6908069845825359109,2020-12-19 20:39:26,80700,12200,321,223,12744,0.1579182156133829,15.79182156133829,15.117719950433704,0.39776951672862454,0.27633209417596033,20,15-30s,8,0,91,,original sound,not verified,20,Saturday,evening (18-23),1.2771990740740742
6883484287434378497,2020-10-14 14:34:39,449300,26600,668,3392,30660,0.06823948364121968,6.823948364121968,5.9203204985533056,0.14867571778321834,0.7549521477854441,13,<15s,3,0,23,,original sound,not verified,14,Wednesday,afternoon (12-17),67.53052083333333
6898721943978036481,2020-11-24 16:04:32,72200,10000,274,111,10385,0.14383656509695292,14.383656509695292,13.850415512465373,0.37950138504155123,0.15373961218836565,12,<15s,3,0,30,,original sound,not verified,16,Tuesday,afternoon (12-17),26.468101851851852
6899116261746281730,2020-11-25 17:34:42,309000,58900,874,235,60009,0.19420388349514564,19.420388349514564,19.06148867313916,0.2828478964401295,0.07605177993527508,14,<15s,6,1,130,,other sound,not verified,17,Wednesday,afternoon (12-17),25.40548611111111
